SYS,SYS,SYS,SYS,SYS,USERDEF,USERDEF,USERDEF,USERDEF,PORO,PORO,PORO,PORO,PORO,PORO,PORO,PORO,PORO,PORO,PORO,PORO,FLUORO,FLUORO,FLUORO,FLUORO,FLUORO,FLUORO,FLUORO,FLUORO,FLUORO,FLUORO,SENSOR,SENSOR,SENSOR,SENSOR,SENSOR,SENSOR,SENSOR,SENSOR,SENSOR,SENSOR,MATCH,MATCH,MATCH,STABILITY,STABILITY,STABILITY,STABILITY,STABILITY,STABILITY,P_CONFIG,P_CONFIG,P_CONFIG,P_CONFIG,FL_CONFIG,FL_CONFIG,FL_CONFIG,FL_CONFIG,FL_CONFIG,FL_CONFIG,FL_CONFIG,FL_CONFIG,FL_CONFIG,FL_CONFIG,FL_CONFIG,FL_CONFIG,FL_CONFIG,FL_CONFIG,FL_CONFIG,SENSOR_V,SENSOR_V,SENSOR_V,SENSOR_V,SENSOR_V,SENSOR_V,SENSOR_V,SENSOR_V,SENSOR_V,SENSOR_V,USERCAL,USERCAL,USERCAL,USERCAL,USERCAL,USERCAL,USERCAL,USERCAL,USERCAL,USERCAL,META,META,META,META,META,META,META
Obs#,Time,Date,configName,configAuthor,remark,Position,Transect,,gsw,gbw,gtw,E_apparent,VPcham,VPref,VPleaf,VPDleaf,H2O_r,H2O_s,H2O_leaf,leaf_area,flashID,Fo,Fm,Fv/Fm,Fs,Fm',PhiPS2,PS2/1,abs,ETR,rh_s,rh_r,Tref,Tleaf,P_atm,flow,flow_s,leak_pct,Qamb,batt,match_time,match_date,rh_adj,gsw1sec,gsw2sec,gsw4sec,flr1sec,flr2sec,flr4sec,auto,flow_set,gsw_limit,gsw_period,dark,flash_type,flash_intensity,modrate,flr_limit,flr_period,P1_dur,P2_dur,P3_dur,P1_Fmax,P2_ramp,P2_slp,P3_Fmax,P3_Pred,P3_DeltaF,v_humA,v_humB,v_flowIn,v_flowOut,v_temp,v_irt,v_pres,v_par,v_F,i_LED,b_rhr,m_rhr,span_rhr,b_rhs,m_rhs,span_rhs,z_flowIn,z_flowOut,z_quantum,z_flr,flashId,lciSerNum,lcpSerNum,lcfSerNum,lcrhSerNum,version,configUpdatedAt
,HHMMSS,YYYYMMDD,,,,,,,mol+1m-2s-1,mol+1m-2s-1,mol+1m-2s-1,mmol+1m-2s-1,kPa,kPa,kPa,kPa,mmol+1mol-1,mmol+1mol-1,mmol+1mol-1,cm+2,,,,,,,,,,umol+1m-2s-1,%,%,C,C,kPa,umol+1sec-1,umol+1sec-1,%,umol+1m-2s-1,V,HHMMSS,YYYYMMDD,%,,,,,,,,umol+1sec-1,(umol+1m-2s-1)s-1,s,,,umol+1m-2s-1,Hz,s-1,s,ms,ms,ms,,%,,,,,V,V,V,V,V,V,V,V,V,A,,,,,,,,,,,,,,,,,
1,15:05:06,5/18/2022,JSG 2022,MS,,1,North,,0.079307,2.920805,0.07721,2.724794,0.77753,0.713099,3.684089,2.906559,8.429913,9.191589,43.551529,0.441786,PSF-00495_20220518150506,0,0,0,189.323547,217.796799,0.130733,0.5,0.8,93.10704,25.69,23.56,24.17,27.49,84.59,156.6,147.5,5.8,1780,3.944,15:04:42,5/18/2022,0.08,-0.001,-0.001,-0.003,-3.134,-2.864,57.287,1,150,0.005,2,0,rectangular,7000,500,5,2,55537,55537,55537,0,-9999,0,0,0,0,2.462173,2.408633,1.658597,0.91228,0.281874,0.038025,0.081732,1.60432,189.323547,0.000293,2.419613,-0.000027,1,2.365493,-0.000018,1,0.60179,0.602419,0.107779,0,PSF-00495_20220518150506,PFA-00525,PSA-00537,PSF-00495,RHS-0718,2.0.0,2022-05-16T19:34:13.141Z
2,15:05:47,5/18/2022,JSG 2022,MS,,1,North,,0.025572,2.922176,0.02535,1.012635,0.906249,0.882362,4.184226,3.277977,10.428979,10.711306,49.45499,0.441786,PSF-00495_20220518150547,0,0,0,155.133606,178.516037,0.130982,0.5,0.8,99.142593,29.45,28.67,24.45,29.69,84.61,156.8,154.7,1.3,1892,3.943,15:04:42,5/18/2022,0.08,-0.002,-0.002,-0.009,-2.03,-4.53,-10.628,1,150,0.005,2,0,rectangular,7000,500,5,2,55537,55537,55537,0,-9999,0,0,0,0,2.470198,2.414102,1.660022,0.930241,0.278733,0.061015,0.088968,1.698301,155.133606,0.000284,2.419613,-0.000027,1,2.365493,-0.000018,1,0.60179,0.602419,0.107779,0,PSF-00495_20220518150547,PFA-00525,PSA-00537,PSF-00495,RHS-0718,2.0.0,2022-05-16T19:34:13.141Z
3,15:06:10,5/18/2022,JSG 2022,MS,,1,North,,0.056674,2.922757,0.055596,2.243144,0.869542,0.81663,4.181338,3.311796,9.651978,10.277362,49.420418,0.441786,PSF-00495_20220518150610,0,0,0,136.046646,173.973801,0.218005,0.5,0.8,162.807159,27.93,26.23,24.65,29.67,84.61,156.8,154.6,1.4,1867,3.942,15:04:42,5/18/2022,0.08,0,0.004,0.003,-1.763,-3.676,-11.632,1,150,0.005,2,0,rectangular,7000,500,5,2,55537,55537,55537,0,-9999,0,0,0,0,2.466353,2.411867,1.660627,0.930065,0.276576,0.0586,0.093034,1.677053,136.046646,0.000283,2.419613,-0.000027,1,2.365493,-0.000018,1,0.60179,0.602419,0.107779,0,PSF-00495_20220518150610,PFA-00525,PSA-00537,PSF-00495,RHS-0718,2.0.0,2022-05-16T19:34:13.141Z
4,15:06:37,5/18/2022,JSG 2022,MS,,2,North,,0.120859,2.922948,0.11606,3.357713,0.805202,0.725957,3.194893,2.38969,8.581003,9.517703,37.764469,0.441786,PSF-00495_20220518150637,0,0,0,99.672318,405.716644,0.75433,0.5,0.8,31.911697,25.53,23.02,24.86,25.08,84.6,156.9,151.1,3.6,106,3.941,15:04:42,5/18/2022,0.08,0,-0.002,-9999,-0.099,-0.068,-9999,1,150,0.005,2,0,rectangular,7000,500,5,2,55537,55537,55537,0,-9999,0,0,0,0,2.461219,2.40832,1.660827,0.921317,0.274243,0.00209,0.097553,0.196675,99.672318,0.000304,2.419613,-0.000027,1,2.365493,-0.000018,1,0.60179,0.602419,0.107779,0,PSF-00495_20220518150637,PFA-00525,PSA-00537,PSF-00495,RHS-0718,2.0.0,2022-05-16T19:34:13.141Z
5,15:06:56,5/18/2022,JSG 2022,MS,,2,North,,0.154575,2.921509,0.146807,3.928801,0.883836,0.791084,3.094871,2.211035,9.349882,10.44612,36.57851,0.441786,PSF-00495_20220518150656,0,0,0,97.290512,389.366272,0.750131,0.5,0.8,32.007259,27.82,24.9,24.98,24.55,84.61,156.7,156.8,-0.1,107,3.94,15:04:42,5/18/2022,0.08,-0.003,0.001,-9999,-0.02,0.015,-9999,1,150,0.005,2,0,rectangular,7000,500,5,2,55537,55537,55537,0,-9999,0,0,0,0,2.464216,2.411675,1.659328,0.93542,0.272905,-0.005389,0.100526,0.19744,97.290512,0.000309,2.419613,-0.000027,1,2.365493,-0.000018,1,0.60179,0.602419,0.107779,0,PSF-00495_20220518150656,PFA-00525,PSA-00537,PSF-00495,RHS-0718,2.0.0,2022-05-16T19:34:13.141Z
6,15:07:23,5/18/2022,JSG 2022,MS,,2,North,,0.117184,2.922535,0.112666,3.320216,0.879678,0.801352,3.311378,2.4317,9.470953,10.396673,39.136261,0.441786,PSF-00495_20220518150723,0,0,0,97.513321,409.638062,0.761953,0.5,0.8,28.962503,27.43,24.99,25.14,25.68,84.61,156.8,156.8,0,95,3.94,15:04:42,5/18/2022,0.08,0,-0.002,-9999,0.03,0.033,-9999,1,150,0.005,2,0,rectangular,7000,500,5,2,55537,55537,55537,0,-9999,0,0,0,0,2.464326,2.411078,1.660396,0.935506,0.271159,0.00574,0.104653,0.187652,97.513321,0.000311,2.419613,-0.000027,1,2.365493,-0.000018,1,0.60179,0.602419,0.107779,0,PSF-00495_20220518150723,PFA-00525,PSA-00537,PSF-00495,RHS-0718,2.0.0,2022-05-16T19:34:13.141Z
7,15:07:47,5/18/2022,JSG 2022,MS,,3,North,,0.082298,2.923769,0.080045,2.23569,0.870272,0.817577,3.176962,2.306689,9.66286,10.285661,37.548187,0.441786,PSF-00495_20220518150747,0,0,0,103.149178,409.777161,0.74828,0.5,0.8,32.977901,26.9,25.27,25.29,24.99,84.61,157,149.6,4.7,110,3.939,15:04:42,5/18/2022,0.08,-0.001,-0.001,-9999,0.024,0.396,-9999,1,150,0.005,2,0,rectangular,7000,500,5,2,55537,55537,55537,0,-9999,0,0,0,0,2.464761,2.410288,1.661684,0.917427,0.269594,-0.003914,0.108368,0.200387,103.149178,0.000299,2.419613,-0.000027,1,2.365493,-0.000018,1,0.60179,0.602419,0.107779,0,PSF-00495_20220518150747,PFA-00525,PSA-00537,PSF-00495,RHS-0718,2.0.0,2022-05-16T19:34:13.141Z
8,15:08:00,5/18/2022,JSG 2022,MS,,3,North,,0.14074,2.923025,0.134275,3.450676,0.878968,0.797603,3.003265,2.124297,9.427593,10.389321,35.498325,0.441786,PSF-00495_20220518150800,0,0,0,105.737686,400.849701,0.736216,0.5,0.8,34.565025,27.06,24.56,25.36,24.05,84.6,156.9,156.7,0.1,117,3.938,15:04:42,5/18/2022,0.08,0.003,0.002,-9999,0.708,0.376,-9999,1,150,0.005,2,0,rectangular,7000,500,5,2,55537,55537,55537,0,-9999,0,0,0,0,2.463619,2.410518,1.660907,0.935257,0.268881,-0.015337,0.110083,0.206435,105.737686,0.000313,2.419613,-0.000027,1,2.365493,-0.000018,1,0.60179,0.602419,0.107779,0,PSF-00495_20220518150800,PFA-00525,PSA-00537,PSF-00495,RHS-0718,2.0.0,2022-05-16T19:34:13.141Z
9,15:08:25,5/18/2022,JSG 2022,MS,,3,North,,0.06779,2.922101,0.066253,1.930521,0.851201,0.805631,3.256656,2.405455,9.522201,10.060823,38.492249,0.441786,PSF-00495_20220518150825,0,0,0,137.086624,445.934784,0.692586,0.5,0.8,29.16077,26.01,24.61,25.49,25.4,84.61,156.8,136,13.3,105,3.938,15:04:42,5/18/2022,0.08,0.001,0,-9999,0.684,3.359,-9999,1,150,0.005,2,0,rectangular,7000,500,5,2,55537,55537,55537,0,-9999,0,0,0,0,2.463692,2.408947,1.659944,0.884137,0.267491,-0.001418,0.113703,0.196253,137.086624,0.000316,2.419613,-0.000027,1,2.365493,-0.000018,1,0.60179,0.602419,0.107779,0,PSF-00495_20220518150825,PFA-00525,PSA-00537,PSF-00495,RHS-0718,2.0.0,2022-05-16T19:34:13.141Z
10,15:08:41,5/18/2022,JSG 2022,MS,,3,North,,0.051929,2.923723,0.051023,1.516582,0.841378,0.80562,3.294704,2.453326,9.521968,9.944606,38.941505,0.441786,PSF-00495_20220518150841,0,0,0,102.409599,400.168762,0.744084,0.5,0.8,33.832165,25.58,24.49,25.57,25.6,84.61,157,156.6,0.3,114,3.937,15:04:42,5/18/2022,0.08,-0.001,0,-9999,-0.007,0.214,-9999,1,150,0.005,2,0,rectangular,7000,500,5,2,55537,55537,55537,0,-9999,0,0,0,0,2.463483,2.408303,1.661636,0.934894,0.266586,-0.000156,0.115958,0.203322,102.409599,0.000303,2.419613,-0.000027,1,2.365493,-0.000018,1,0.60179,0.602419,0.107779,0,PSF-00495_20220518150841,PFA-00525,PSA-00537,PSF-00495,RHS-0718,2.0.0,2022-05-16T19:34:13.141Z
11,15:09:15,5/18/2022,JSG 2022,MS,,4,North,,0.045193,2.922811,0.044505,1.800271,0.834829,0.792348,4.156375,3.321546,9.36487,9.866969,49.124798,0.441786,PSF-00495_20220518150915,0,0,0,166.446091,203.960541,0.18393,0.5,0.8,129.828766,25.07,23.79,25.78,29.57,84.61,156.8,156.4,0.2,1765,3.938,15:04:42,5/18/2022,0.08,-0.002,-0.002,0,-2.181,-4.214,-10.378,1,150,0.005,2,0,rectangular,7000,500,5,2,55537,55537,55537,0,-9999,0,0,0,0,2.462341,2.40752,1.660684,0.934632,0.264374,0.044115,0.120842,1.591015,166.446091,0.000303,2.419613,-0.000027,1,2.365493,-0.000018,1,0.60179,0.602419,0.107779,0,PSF-00495_20220518150915,PFA-00525,PSA-00537,PSF-00495,RHS-0718,2.0.0,2022-05-16T19:34:13.141Z
12,15:09:43,5/18/2022,JSG 2022,MS,,4,North,,0.064191,2.92274,0.062812,2.624133,0.869428,0.807529,4.296186,3.426758,9.544525,10.276138,50.778442,0.441786,PSF-00495_20220518150943,0,0,0,209.885712,256.433838,0.181521,0.5,0.8,128.304626,25.77,23.93,26,30.15,84.61,156.8,156.6,0.1,1767,3.937,15:04:42,5/18/2022,0.08,0,-0.001,0.001,-2.295,-4.358,-9.97,1,150,0.005,2,0,rectangular,7000,500,5,2,55537,55537,55537,0,-9999,0,0,0,0,2.462544,2.408536,1.66061,0.93501,0.262083,0.048503,0.124865,1.593055,209.885712,0.00029,2.419613,-0.000027,1,2.365493,-0.000018,1,0.60179,0.602419,0.107779,0,PSF-00495_20220518150943,PFA-00525,PSA-00537,PSF-00495,RHS-0718,2.0.0,2022-05-16T19:34:13.141Z
13,15:10:05,5/18/2022,JSG 2022,MS,,4,North,,0.101329,2.921354,0.097932,3.8982,0.840545,0.748458,4.109826,3.269281,8.84624,9.934636,48.575199,0.441786,PSF-00495_20220518151005,0,0,0,270.757904,332.597137,0.185928,0.5,0.8,124.311661,24.66,21.96,26.17,29.37,84.61,156.7,150.1,4.2,1671,3.936,15:04:42,5/18/2022,0.08,0,0,-9999,-0.953,1.17,-9999,1,150,0.005,2,0,rectangular,7000,500,5,2,55537,55537,55537,0,-9999,0,0,0,0,2.459353,2.406878,1.659167,0.918748,0.260311,0.037209,0.128103,1.51272,270.757904,0.000289,2.419613,-0.000027,1,2.365493,-0.000018,1,0.60179,0.602419,0.107779,0,PSF-00495_20220518151005,PFA-00525,PSA-00537,PSF-00495,RHS-0718,2.0.0,2022-05-16T19:34:13.141Z
14,15:10:38,5/18/2022,JSG 2022,MS,,4,North,,0.067734,2.922004,0.0662,2.634557,0.812579,0.750363,4.081857,3.269278,8.86996,9.605407,48.251179,0.441786,PSF-00495_20220518151038,0,0,0,156.742569,215.862396,0.273877,0.5,0.8,185.356583,23.5,21.7,26.41,29.26,84.6,156.7,127.9,18.4,1692,3.935,15:04:42,5/18/2022,0.08,-0.001,-0.001,0,-1.077,-2.067,26.717,1,150,0.005,2,0,rectangular,7000,500,5,2,55537,55537,55537,0,-9999,0,0,0,0,2.458908,2.40512,1.659842,0.864946,0.257805,0.032942,0.132851,1.529923,156.742569,0.000301,2.419613,-0.000027,1,2.365493,-0.000018,1,0.60179,0.602419,0.107779,0,PSF-00495_20220518151038,PFA-00525,PSA-00537,PSF-00495,RHS-0718,2.0.0,2022-05-16T19:34:13.141Z
15,15:11:31,5/18/2022,JSG 2022,MS,,1,Central,,0.065192,2.922377,0.06377,2.75959,0.838567,0.773432,4.386657,3.54809,9.141873,9.911757,51.849751,0.441786,PSF-00495_20220518151131,0,0,0,208.679077,252.526398,0.173635,0.5,0.8,121.215622,23.71,21.87,26.8,30.51,84.6,156.8,154.4,1.5,1745,3.934,15:04:42,5/18/2022,0.08,-0.001,0.003,0.006,-3.024,-4.26,-10.284,1,150,0.005,2,0,rectangular,7000,500,5,2,55537,55537,55537,0,-9999,0,0,0,0,2.459139,2.405396,1.660231,0.929471,0.253914,0.04354,0.140502,1.574725,208.679077,0.0003,2.419613,-0.000027,1,2.365493,-0.000018,1,0.60179,0.602419,0.107779,0,PSF-00495_20220518151131,PFA-00525,PSA-00537,PSF-00495,RHS-0718,2.0.0,2022-05-16T19:34:13.141Z
16,15:11:59,5/18/2022,JSG 2022,MS,,1,Central,,0.102199,2.921406,0.098745,3.891758,0.873898,0.782002,4.110327,3.236429,9.242513,10.328631,48.580109,0.441786,PSF-00495_20220518151159,0,0,0,164.762024,221.457489,0.256011,0.5,0.8,179.465286,24.42,21.85,27,29.38,84.61,156.7,149,4.9,1753,3.934,15:04:42,5/18/2022,0.08,0,0.001,-9999,-2.522,-4.407,-9999,1,150,0.005,2,0,rectangular,7000,500,5,2,55537,55537,55537,0,-9999,0,0,0,0,2.459082,2.406425,1.659221,0.916026,0.251865,0.027496,0.144567,1.580818,164.762024,0.000289,2.419613,-0.000027,1,2.365493,-0.000018,1,0.60179,0.602419,0.107779,0,PSF-00495_20220518151159,PFA-00525,PSA-00537,PSF-00495,RHS-0718,2.0.0,2022-05-16T19:34:13.141Z
17,15:12:34,5/18/2022,JSG 2022,MS,,1,Central,,0.107804,2.922606,0.103969,4.235282,1.086086,0.986421,4.420743,3.334658,11.657931,12.835808,52.246162,0.441786,PSF-00495_20220518151234,0,0,0,208.286758,251.605515,0.172169,0.5,0.8,122.029831,29.88,27.14,27.26,30.64,84.61,156.8,156.3,0.3,1772,3.932,15:04:42,5/18/2022,0.08,0,-0.002,-0.001,-2.406,-4.68,-10.175,1,150,0.005,2,0,rectangular,7000,500,5,2,55537,55537,55537,0,-9999,0,0,0,0,2.467426,2.414363,1.660469,0.934295,0.249253,0.039671,0.149541,1.597147,208.286758,0.000293,2.419613,-0.000027,1,2.365493,-0.000018,1,0.60179,0.602419,0.107779,0,PSF-00495_20220518151234,PFA-00525,PSA-00537,PSF-00495,RHS-0718,2.0.0,2022-05-16T19:34:13.141Z
18,15:13:16,5/18/2022,JSG 2022,MS,,2,Central,,0.055095,2.922432,0.054076,1.800356,0.840961,0.798468,3.58419,2.743229,9.437204,9.939441,42.362061,0.441786,PSF-00495_20220518151316,0,0,0,94.662666,378.697876,0.750031,0.5,0.8,30.898321,22.75,21.6,27.55,27.02,84.61,156.8,155.7,0.7,103,3.932,15:04:42,5/18/2022,0.08,-0.001,-0.001,-9999,-0.219,-0.463,-9999,1,150,0.005,2,0,rectangular,7000,500,5,2,55537,55537,55537,0,-9999,0,0,0,0,2.458614,2.403872,1.660289,0.932696,0.246396,-0.006712,0.155321,0.194345,94.662666,0.000295,2.419613,-0.000027,1,2.365493,-0.000018,1,0.60179,0.602419,0.107779,0,PSF-00495_20220518151316,PFA-00525,PSA-00537,PSF-00495,RHS-0718,2.0.0,2022-05-16T19:34:13.141Z
19,15:13:34,5/18/2022,JSG 2022,MS,,2,Central,,0.026131,2.922276,0.0259,0.897836,0.854561,0.833371,3.708449,2.853889,9.849844,10.100299,43.831215,0.441786,PSF-00495_20220518151334,0,0,0,94.649078,380.790009,0.75144,0.5,0.8,29.54089,22.99,22.42,27.65,27.61,84.61,156.8,156.4,0.2,98,3.932,15:04:42,5/18/2022,0.08,0,0,-9999,-0.324,-0.711,-9999,1,150,0.005,2,0,rectangular,7000,500,5,2,55537,55537,55537,0,-9999,0,0,0,0,2.45992,2.40422,1.660126,0.934533,0.245454,-0.00107,0.157557,0.190387,94.649078,0.000306,2.419613,-0.000027,1,2.365493,-0.000018,1,0.60179,0.602419,0.107779,0,PSF-00495_20220518151334,PFA-00525,PSA-00537,PSF-00495,RHS-0718,2.0.0,2022-05-16T19:34:13.141Z
20,15:14:29,5/18/2022,JSG 2022,MS,,2,Central,,0.043194,2.923072,0.042565,1.399215,0.949813,0.916846,3.655473,2.70566,10.835983,11.22561,43.203156,0.441786,PSF-00495_20220518151429,0,0,0,121.674301,435.166229,0.720396,0.5,0.8,24.009523,25.18,24.3,27.9,27.36,84.61,156.9,156.4,0.3,83,3.93,15:04:42,5/18/2022,0.08,-0.001,-0.001,-9999,0.927,2.576,-9999,1,150,0.005,2,0,rectangular,7000,500,5,2,55537,55537,55537,0,-9999,0,0,0,0,2.462897,2.407451,1.660956,0.934585,0.243027,-0.00688,0.164481,0.177812,121.674301,0.000313,2.419613,-0.000027,1,2.365493,-0.000018,1,0.60179,0.602419,0.107779,0,PSF-00495_20220518151429,PFA-00525,PSA-00537,PSF-00495,RHS-0718,2.0.0,2022-05-16T19:34:13.141Z
21,15:15:33,5/18/2022,JSG 2022,MS,,2,Central,,-0.007351,2.922043,-0.00737,-0.25319,0.868574,0.874551,3.697288,2.828714,10.335373,10.264743,43.69426,0.441786,PSF-00495_20220518151533,0,0,0,117.299438,441.137543,0.734098,0.5,0.8,27.33263,22.62,22.78,28.2,27.55,84.62,156.7,154.4,1.5,93,3.929,15:15:05,5/18/2022,-0.03,0,-0.001,-9999,0.278,0.529,-9999,1,150,0.005,2,0,rectangular,7000,500,5,2,55537,55537,55537,0,-9999,0,0,0,0,2.460437,2.403773,1.659884,0.9294,0.240142,-0.008159,0.17247,0.186017,117.299438,0.000321,2.419613,-0.000027,1,2.365493,-0.000018,1,0.60179,0.602419,0.107779,0,PSF-00495_20220518151533,PFA-00525,PSA-00537,PSF-00495,RHS-0718,2.0.0,2022-05-16T19:34:13.141Z
22,15:15:49,5/18/2022,JSG 2022,MS,,2,Central,,0.016516,2.921335,0.016423,0.584402,0.903203,0.889406,3.83012,2.926917,10.510779,10.673827,45.26339,0.441786,PSF-00495_20220518151549,0,0,0,98.3423,408.331635,0.759161,0.5,0.8,28.713482,23.44,23.08,28.27,28.16,84.62,156.7,156.2,0.3,95,3.929,15:15:05,5/18/2022,-0.03,0.003,0.002,-9999,0.561,1.228,-9999,1,150,0.005,2,0,rectangular,7000,500,5,2,55537,55537,55537,0,-9999,0,0,0,0,2.460908,2.404983,1.659147,0.934036,0.239526,-0.001846,0.174299,0.187256,98.3423,0.000309,2.419613,-0.000027,1,2.365493,-0.000018,1,0.60179,0.602419,0.107779,0,PSF-00495_20220518151549,PFA-00525,PSA-00537,PSF-00495,RHS-0718,2.0.0,2022-05-16T19:34:13.141Z
23,15:16:11,5/18/2022,JSG 2022,MS,,2,Central,,0.025031,2.923126,0.024818,0.782582,0.864592,0.846134,3.464529,2.599937,9.999515,10.217647,40.943409,0.441786,PSF-00495_20220518151611,0,0,0,103.112701,385.395172,0.732449,0.5,0.8,29.723011,22.32,21.84,28.35,26.45,84.62,156.9,156.1,0.5,101,3.928,15:15:05,5/18/2022,-0.03,0,0,-9999,-0.045,-0.188,-9999,1,150,0.005,2,0,rectangular,7000,500,5,2,55537,55537,55537,0,-9999,0,0,0,0,2.45892,2.403302,1.661012,0.933721,0.238692,-0.022785,0.176979,0.193051,103.112701,0.000319,2.419613,-0.000027,1,2.365493,-0.000018,1,0.60179,0.602419,0.107779,0,PSF-00495_20220518151611,PFA-00525,PSA-00537,PSF-00495,RHS-0718,2.0.0,2022-05-16T19:34:13.141Z
24,15:17:12,5/18/2022,JSG 2022,MS,,3,Central,,0.051249,2.921929,0.050366,2.409594,1.048986,0.992225,4.953702,3.904716,11.725823,12.396615,58.541428,0.441786,PSF-00495_20220518151712,0,0,0,178.589706,206.273682,0.13421,0.5,0.8,92.335106,26.61,25.17,28.65,32.65,84.62,156.7,149.6,4.6,1720,3.927,15:15:05,5/18/2022,-0.03,0.002,-0.002,-0.001,1.913,-1.944,-13.59,1,150,0.005,2,0,rectangular,7000,500,5,2,55537,55537,55537,0,-9999,0,0,0,0,2.464171,2.409617,1.659765,0.917379,0.235876,0.047686,0.184691,1.553465,178.589706,0.000308,2.419613,-0.000027,1,2.365493,-0.000018,1,0.60179,0.602419,0.107779,0,PSF-00495_20220518151712,PFA-00525,PSA-00537,PSF-00495,RHS-0718,2.0.0,2022-05-16T19:34:13.141Z
25,15:17:45,5/18/2022,JSG 2022,MS,,3,Central,,0.034173,2.92218,0.033778,1.612195,1.1156,1.077658,5.008403,3.892803,12.734925,13.183288,59.185413,0.441786,PSF-00495_20220518151745,0,0,0,199.02063,233.386871,0.14725,0.5,0.8,96.387733,27.95,27,28.87,32.85,84.62,156.8,156.2,0.4,1636,3.926,15:15:05,5/18/2022,-0.03,-0.002,0.001,0,-1.309,-3.711,-10.815,1,150,0.005,2,0,rectangular,7000,500,5,2,55537,55537,55537,0,-9999,0,0,0,0,2.466993,2.411534,1.660026,0.933968,0.233887,0.047534,0.188887,1.483271,199.02063,0.000315,2.419613,-0.000027,1,2.365493,-0.000018,1,0.60179,0.602419,0.107779,0,PSF-00495_20220518151745,PFA-00525,PSA-00537,PSF-00495,RHS-0718,2.0.0,2022-05-16T19:34:13.141Z
26,15:18:44,5/18/2022,JSG 2022,MS,,3,Central,,0.064449,2.921552,0.063058,3.292267,1.073521,0.995974,5.324086,4.250565,11.771206,12.687722,62.924274,0.441786,PSF-00495_20220518151844,0,0,0,190.508362,226.007217,0.15707,0.5,0.8,115.371826,26.25,24.36,29.29,33.94,84.61,156.7,156.4,0.2,1836,3.924,15:15:05,5/18/2022,-0.03,-0.002,-0.004,0.003,-2.378,-4.59,-10.321,1,150,0.005,2,0,rectangular,7000,500,5,2,55537,55537,55537,0,-9999,0,0,0,0,2.462814,2.409024,1.659373,0.934435,0.230044,0.0561,0.196249,1.651254,190.508362,0.000296,2.419613,-0.000027,1,2.365493,-0.000018,1,0.60179,0.602419,0.107779,0,PSF-00495_20220518151844,PFA-00525,PSA-00537,PSF-00495,RHS-0718,2.0.0,2022-05-16T19:34:13.141Z
27,15:19:17,5/18/2022,JSG 2022,MS,,4,Central,,0.047538,2.922767,0.046777,2.375327,1.121554,1.065687,5.256393,4.134839,12.594429,13.254667,62.120735,0.441786,PSF-00495_20220518151917,0,0,0,89.27536,108.913422,0.180309,0.5,0.8,119.315331,27.04,25.69,29.53,33.71,84.62,156.8,156.1,0.5,1654,3.923,15:15:05,5/18/2022,-0.03,0.003,-0.001,0.011,-2.44,-4.722,-6.68,1,150,0.005,2,0,rectangular,7000,500,5,2,55537,55537,55537,0,-9999,0,0,0,0,2.464874,2.410136,1.660638,0.933735,0.227809,0.050241,0.20059,1.498278,89.27536,0.000302,2.419613,-0.000027,1,2.365493,-0.000018,1,0.60179,0.602419,0.107779,0,PSF-00495_20220518151917,PFA-00525,PSA-00537,PSF-00495,RHS-0718,2.0.0,2022-05-16T19:34:13.141Z
28,15:19:43,5/18/2022,JSG 2022,MS,,4,Central,,0.030187,2.921953,0.029878,1.571419,1.05604,1.01903,5.337959,4.281919,12.043635,12.481047,63.08786,0.441786,PSF-00495_20220518151943,0,0,0,199.718353,228.742004,0.126884,0.5,0.8,89.27401,25.18,24.3,29.73,33.98,84.61,156.7,156.1,0.4,1759,3.923,15:15:05,5/18/2022,-0.03,0,0,0.003,-1.702,-4.855,-10.919,1,150,0.005,2,0,rectangular,7000,500,5,2,55537,55537,55537,0,-9999,0,0,0,0,2.462668,2.407408,1.65979,0.933821,0.226095,0.05138,0.203878,1.586243,199.718353,0.000303,2.419613,-0.000027,1,2.365493,-0.000018,1,0.60179,0.602419,0.107779,0,PSF-00495_20220518151943,PFA-00525,PSA-00537,PSF-00495,RHS-0718,2.0.0,2022-05-16T19:34:13.141Z
29,15:20:05,5/18/2022,JSG 2022,MS,,4,Central,,0.097672,2.922599,0.094513,4.177595,0.991,0.89259,4.606973,3.615973,10.549924,11.713086,54.45192,0.441786,PSF-00495_20220518152005,0,0,0,255.388138,356.859314,0.284345,0.5,0.8,208.115967,23.41,21.08,29.89,31.37,84.61,156.8,156.5,0.2,1830,3.92,15:15:05,5/18/2022,-0.03,-0.003,0,0.001,-8.227,-0.337,-25.531,1,150,0.005,2,0,rectangular,7000,500,5,2,55537,55537,55537,0,-9999,0,0,0,0,2.457531,2.404777,1.660462,0.934686,0.224634,0.017139,0.206645,1.645762,255.388138,0.000296,2.419613,-0.000027,1,2.365493,-0.000018,1,0.60179,0.602419,0.107779,0,PSF-00495_20220518152005,PFA-00525,PSA-00537,PSF-00495,RHS-0718,2.0.0,2022-05-16T19:34:13.141Z
30,15:23:19,5/18/2022,JSG 2022,MS,,1,South,,0.048572,2.922409,0.047778,2.349581,0.794829,0.739345,4.817347,4.022518,8.739092,9.394915,56.941284,0.441786,PSF-00495_20220518152319,0,0,0,87.981819,142.017242,0.380485,0.5,0.8,244.80864,17.98,16.72,30.65,32.16,84.6,156.8,154.9,1.2,1609,3.919,15:15:05,5/18/2022,-0.03,0.001,0,-9999,-1.038,-2.694,-9999,1,150,0.005,2,0,rectangular,7000,500,5,2,55537,55537,55537,0,-9999,0,0,0,0,2.450293,2.396475,1.660264,0.930789,0.218035,0.017616,0.229281,1.459793,87.981819,0.000304,2.419613,-0.000027,1,2.365493,-0.000018,1,0.60179,0.602419,0.107779,0,PSF-00495_20220518152319,PFA-00525,PSA-00537,PSF-00495,RHS-0718,2.0.0,2022-05-16T19:34:13.141Z
31,15:24:00,5/18/2022,JSG 2022,MS,,1,South,,0.072541,2.922278,0.070784,2.813825,0.81599,0.749537,4.08252,3.266531,8.857529,9.642818,48.244484,0.441786,PSF-00495_20220518152400,0,0,0,114.863991,354.380249,0.675874,0.5,0.8,421.881287,18.33,16.83,30.77,29.26,84.62,156.8,155.8,0.6,1561,3.918,15:15:05,5/18/2022,-0.03,0.002,0.001,0.002,-1.279,-2.982,-11.536,1,150,0.005,2,0,rectangular,7000,500,5,2,55537,55537,55537,0,-9999,0,0,0,0,2.450467,2.397004,1.660129,0.933,0.216968,-0.018707,0.234188,1.419425,114.863991,0.000309,2.419613,-0.000027,1,2.365493,-0.000018,1,0.60179,0.602419,0.107779,0,PSF-00495_20220518152400,PFA-00525,PSA-00537,PSF-00495,RHS-0718,2.0.0,2022-05-16T19:34:13.141Z
32,15:24:22,5/18/2022,JSG 2022,MS,,1,South,,0.017522,2.924023,0.017417,0.72946,0.782625,0.765419,4.221198,3.438572,9.047019,9.250398,49.893299,0.441786,PSF-00495_20220518152422,0,0,0,115.581749,310.918091,0.628257,0.5,0.8,393.026093,17.52,17.13,30.83,29.84,84.6,157,155.9,0.7,1564,3.917,15:15:05,5/18/2022,-0.03,0.001,0,-9999,-0.049,-1.144,-9999,1,150,0.005,2,0,rectangular,7000,500,5,2,55537,55537,55537,0,-9999,0,0,0,0,2.450962,2.395746,1.66195,0.933132,0.216469,-0.012536,0.236804,1.422326,115.581749,0.000313,2.419613,-0.000027,1,2.365493,-0.000018,1,0.60179,0.602419,0.107779,0,PSF-00495_20220518152422,PFA-00525,PSA-00537,PSF-00495,RHS-0718,2.0.0,2022-05-16T19:34:13.141Z
33,15:25:02,5/18/2022,JSG 2022,MS,,1,South,,0.100228,2.92233,0.096905,4.029405,0.819359,0.724224,4.232347,3.412988,8.559936,9.68438,50.024044,0.441786,PSF-00495_20220518152502,0,0,0,192.737457,389.688843,0.505407,0.5,0.8,313.507172,18.22,16.11,30.94,29.88,84.61,156.8,156.4,0.2,1551,3.916,15:15:05,5/18/2022,-0.03,0.001,-0.001,0.002,-5.844,-4.094,1.139,1,150,0.005,2,0,rectangular,7000,500,5,2,55537,55537,55537,0,-9999,0,0,0,0,2.449233,2.396832,1.660182,0.93458,0.215514,-0.013343,0.241269,1.41124,192.737457,0.000319,2.419613,-0.000027,1,2.365493,-0.000018,1,0.60179,0.602419,0.107779,0,PSF-00495_20220518152502,PFA-00525,PSA-00537,PSF-00495,RHS-0718,2.0.0,2022-05-16T19:34:13.141Z
34,15:26:11,5/18/2022,JSG 2022,MS,,2,South,,0.016266,2.922584,0.016176,0.65919,0.765796,0.750223,4.11475,3.348954,8.865602,9.049635,48.625206,0.441786,PSF-00495_20220518152611,0,0,0,101.988312,415.2099,0.754369,0.5,0.8,23.364523,16.89,16.55,31.09,29.4,84.62,156.8,156.1,0.5,77,3.916,15:25:45,5/18/2022,0.2,0.001,0,-9999,0.032,0.121,-9999,1,150,0.005,2,0,rectangular,7000,500,5,2,55537,55537,55537,0,-9999,0,0,0,0,2.44996,2.394386,1.660447,0.933764,0.214283,-0.020905,0.248718,0.172862,101.988312,0.000324,2.419613,-0.000027,1,2.365493,-0.000018,1,0.60179,0.602419,0.107779,0,PSF-00495_20220518152611,PFA-00525,PSA-00537,PSF-00495,RHS-0718,2.0.0,2022-05-16T19:34:13.141Z
35,15:26:48,5/18/2022,JSG 2022,MS,,2,South,,0.056262,2.922452,0.0552,2.097679,0.868527,0.819022,3.992131,3.123603,9.678054,10.263032,47.173389,0.441786,PSF-00495_20220518152648,0,0,0,94.799637,386.484497,0.754713,0.5,0.8,26.683176,19.13,18.04,31.11,28.87,84.63,156.8,156.1,0.5,88,3.915,15:25:45,5/18/2022,0.2,0.001,-0.001,-9999,-0.343,-0.26,-9999,1,150,0.005,2,0,rectangular,7000,500,5,2,55537,55537,55537,0,-9999,0,0,0,0,2.452447,2.397866,1.660309,0.933632,0.214099,-0.027344,0.252418,0.182072,94.799637,0.000323,2.419613,-0.000027,1,2.365493,-0.000018,1,0.60179,0.602419,0.107779,0,PSF-00495_20220518152648,PFA-00525,PSA-00537,PSF-00495,RHS-0718,2.0.0,2022-05-16T19:34:13.141Z
36,15:27:12,5/18/2022,JSG 2022,MS,,2,South,,0.103333,2.922235,0.099803,4.076775,0.849764,0.753517,4.203346,3.353582,8.904132,10.04147,49.669971,0.441786,PSF-00495_20220518152712,0,0,0,92.106697,360.105865,0.744223,0.5,0.8,17.864906,18.72,16.6,31.11,29.77,84.63,156.8,156.1,0.5,60,3.914,15:25:45,5/18/2022,0.2,0,0,-9999,-0.16,-0.24,-9999,1,150,0.005,2,0,rectangular,7000,500,5,2,55537,55537,55537,0,-9999,0,0,0,0,2.450042,2.397225,1.660084,0.933654,0.214078,-0.016814,0.254736,0.158221,92.106697,0.000314,2.419613,-0.000027,1,2.365493,-0.000018,1,0.60179,0.602419,0.107779,0,PSF-00495_20220518152712,PFA-00525,PSA-00537,PSF-00495,RHS-0718,2.0.0,2022-05-16T19:34:13.141Z
37,15:27:41,5/18/2022,JSG 2022,MS,,3,South,,0.008007,2.925717,0.007985,0.448496,0.865351,0.854794,5.441354,4.576003,10.101083,10.225835,64.300369,0.441786,PSF-00495_20220518152741,0,0,0,96.929314,120.100021,0.192928,0.5,0.8,106.039383,19.03,18.8,31.14,34.33,84.62,157.2,147.1,6.5,1374,3.914,15:25:45,5/18/2022,0.2,0.001,0,-9999,0.66,-0.997,-9999,1,150,0.005,2,0,rectangular,7000,500,5,2,55537,55537,55537,0,-9999,0,0,0,0,2.453693,2.39771,1.663725,0.911216,0.213868,0.038542,0.257732,1.262728,96.929314,0.000315,2.419613,-0.000027,1,2.365493,-0.000018,1,0.60179,0.602419,0.107779,0,PSF-00495_20220518152741,PFA-00525,PSA-00537,PSF-00495,RHS-0718,2.0.0,2022-05-16T19:34:13.141Z
38,15:28:02,5/18/2022,JSG 2022,MS,,3,South,,0.030396,2.922385,0.030083,1.58856,0.916611,0.879154,5.221763,4.305151,10.392169,10.834937,61.724606,0.441786,PSF-00495_20220518152802,0,0,0,115.304947,161.635635,0.286637,0.5,0.8,180.20105,20.11,19.29,31.18,33.59,84.6,156.8,155.9,0.6,1572,3.913,15:25:45,5/18/2022,0.2,0.002,0.003,0.002,-1.664,-4.18,-11.663,1,150,0.005,2,0,rectangular,7000,500,5,2,55537,55537,55537,0,-9999,0,0,0,0,2.454484,2.399352,1.660239,0.93321,0.213489,0.028782,0.260124,1.428823,115.304947,0.00031,2.419613,-0.000027,1,2.365493,-0.000018,1,0.60179,0.602419,0.107779,0,PSF-00495_20220518152802,PFA-00525,PSA-00537,PSF-00495,RHS-0718,2.0.0,2022-05-16T19:34:13.141Z
39,15:28:27,5/18/2022,JSG 2022,MS,,3,South,,0.076423,2.923257,0.074476,2.992651,0.86748,0.796909,4.1664,3.29892,9.41811,10.252145,49.239784,0.441786,PSF-00495_20220518152827,0,0,0,108.678459,370.408051,0.706598,0.5,0.8,29.00322,18.97,17.43,31.24,29.61,84.61,156.9,153.3,2.3,103,3.913,15:25:45,5/18/2022,0.2,0,-0.001,-0.002,-1.389,-3.299,-13.847,1,150,0.005,2,0,rectangular,7000,500,5,2,55537,55537,55537,0,-9999,0,0,0,0,2.451415,2.397605,1.661149,0.926803,0.213015,-0.020162,0.263011,0.19403,108.678459,0.00031,2.419613,-0.000027,1,2.365493,-0.000018,1,0.60179,0.602419,0.107779,0,PSF-00495_20220518152827,PFA-00525,PSA-00537,PSF-00495,RHS-0718,2.0.0,2022-05-16T19:34:13.141Z
40,15:28:52,5/18/2022,JSG 2022,MS,,4,South,,0.062405,2.922283,0.0611,3.191643,0.807384,0.732028,5.072577,4.265193,8.653605,9.544422,59.965034,0.441786,PSF-00495_20220518152852,0,0,0,156.709671,244.485855,0.359024,0.5,0.8,241.216263,17.59,15.95,31.3,33.07,84.59,156.8,134.4,14.2,1680,3.872,15:25:45,5/18/2022,0.2,-0.003,-0.003,0.002,-2.37,-4.297,-13.992,1,150,0.005,2,0,rectangular,7000,500,5,2,55537,55537,55537,0,-9999,0,0,0,0,2.448939,2.395468,1.660133,0.88049,0.212486,0.020922,0.26586,1.519586,156.709671,0.000315,2.419613,-0.000027,1,2.365493,-0.000018,1,0.60179,0.602419,0.107779,0,PSF-00495_20220518152852,PFA-00525,PSA-00537,PSF-00495,RHS-0718,2.0.0,2022-05-16T19:34:13.141Z
41,15:29:11,5/18/2022,JSG 2022,MS,,4,South,,0.04126,2.92315,0.040686,1.941617,0.950529,0.904792,4.849379,3.89885,10.695168,11.235794,57.322449,0.441786,PSF-00495_20220518152911,0,0,0,138.428802,276.270386,0.498937,0.5,0.8,322.813599,20.63,19.64,31.37,32.27,84.6,156.9,155.7,0.7,1618,3.912,15:25:45,5/18/2022,0.2,0.003,0.002,0.008,-0.97,-3.385,-10.933,1,150,0.005,2,0,rectangular,7000,500,5,2,55537,55537,55537,0,-9999,0,0,0,0,2.455034,2.400126,1.661037,0.932809,0.211905,0.010265,0.268357,1.467337,138.428802,0.000317,2.419613,-0.000027,1,2.365493,-0.000018,1,0.60179,0.602419,0.107779,0,PSF-00495_20220518152911,PFA-00525,PSA-00537,PSF-00495,RHS-0718,2.0.0,2022-05-16T19:34:13.141Z
42,15:29:34,5/18/2022,JSG 2022,MS,,4,South,,0.140216,2.92245,0.133797,5.338122,1.059499,0.933825,4.327929,3.26843,11.036165,12.521409,51.148487,0.441786,PSF-00495_20220518152934,0,0,0,134.89151,379.122742,0.644201,0.5,0.8,325.864075,22.88,20.17,31.46,30.27,84.61,156.8,155.9,0.6,1265,3.912,15:25:45,5/18/2022,0.2,-0.002,-0.002,-0.004,-0.657,-1.909,-6.199,1,150,0.005,2,0,rectangular,7000,500,5,2,55537,55537,55537,0,-9999,0,0,0,0,2.455889,2.403498,1.660308,0.933172,0.211197,-0.01492,0.271132,1.170714,134.89151,0.000319,2.419613,-0.000027,1,2.365493,-0.000018,1,0.60179,0.602419,0.107779,0,PSF-00495_20220518152934,PFA-00525,PSA-00537,PSF-00495,RHS-0718,2.0.0,2022-05-16T19:34:13.141Z
43,15:29:49,5/18/2022,JSG 2022,MS,,4,South,,0.065739,2.922345,0.064293,3.471567,0.911682,0.829816,5.311727,4.400045,9.808724,10.776419,62.786556,0.441786,PSF-00495_20220518152949,0,0,0,125.855682,168.077591,0.251205,0.5,0.8,183.676788,19.63,17.86,31.51,33.89,84.6,156.8,149.9,4.4,1828,3.911,15:25:45,5/18/2022,0.2,0.003,0.003,-9999,-1.783,-4.107,-9999,1,150,0.005,2,0,rectangular,7000,500,5,2,55537,55537,55537,0,-9999,0,0,0,0,2.452114,2.398587,1.660198,0.918312,0.210715,0.028524,0.272884,1.644227,125.855682,0.000308,2.419613,-0.000027,1,2.365493,-0.000018,1,0.60179,0.602419,0.107779,0,PSF-00495_20220518152949,PFA-00525,PSA-00537,PSF-00495,RHS-0718,2.0.0,2022-05-16T19:34:13.141Z
1,16:59:39,5/18/2022,JSG 2022,MS,,1,North,,0.035087,2.921216,0.034671,1.400958,0.65807,0.624933,3.97973,3.321661,7.393665,7.78571,47.084724,0.441786,PSF-00495_20220518165939,0,0,0,122.278336,439.868317,0.722011,0.5,0.8,29.117325,14.93,14.18,30.59,28.82,84.52,156.6,139.4,11,101,3.911,16:58:58,5/18/2022,0.22,0,-0.001,-9999,2.344,4.988,-9999,1,150,0.005,2,0,rectangular,7000,500,5,2,55537,55537,55537,0,-9999,0,0,0,0,2.445978,2.39128,1.659023,0.89255,0.218519,-0.021733,0.125773,0.192521,122.278336,0.000309,2.419613,-0.000027,1,2.365493,-0.000018,1,0.60179,0.602419,0.107779,0,PSF-00495_20220518165939,PFA-00525,PSA-00537,PSF-00495,RHS-0718,2.0.0,2022-05-16T19:34:13.141Z
2,17:00:02,5/18/2022,JSG 2022,MS,,1,North,,0.031147,2.923739,0.030819,1.240015,0.689107,0.659846,3.995711,3.306605,7.806605,8.152791,47.273094,0.441786,PSF-00495_20220518170002,0,0,0,98.162773,392.690765,0.750025,0.5,0.8,32.403305,15.67,15.01,30.55,28.89,84.52,157,137.9,12.2,108,3.911,16:58:58,5/18/2022,0.22,0,0,-9999,0.111,0.213,-9999,1,150,0.005,2,0,rectangular,7000,500,5,2,55537,55537,55537,0,-9999,0,0,0,0,2.447395,2.392463,1.661652,0.888699,0.218846,-0.020464,0.129321,0.198562,98.162773,0.000319,2.419613,-0.000027,1,2.365493,-0.000018,1,0.60179,0.602419,0.107779,0,PSF-00495_20220518170002,PFA-00525,PSA-00537,PSF-00495,RHS-0718,2.0.0,2022-05-16T19:34:13.141Z
3,17:00:40,5/18/2022,JSG 2022,MS,,1,North,,0.015399,2.922988,0.015319,0.620309,0.671404,0.656756,3.999129,3.327726,7.770925,7.944241,47.318855,0.441786,PSF-00495_20220518170040,0,0,0,100.78418,399.267914,0.747578,0.5,0.8,29.784222,15.33,15,30.48,28.9,84.51,156.9,127.6,18.7,100,3.91,16:58:58,5/18/2022,0.22,0.001,0.002,-9999,0.052,0.048,-9999,1,150,0.005,2,0,rectangular,7000,500,5,2,55537,55537,55537,0,-9999,0,0,0,0,2.447384,2.391923,1.660869,0.864078,0.219454,-0.019444,0.13501,0.191498,100.78418,0.000317,2.419613,-0.000027,1,2.365493,-0.000018,1,0.60179,0.602419,0.107779,0,PSF-00495_20220518170040,PFA-00525,PSA-00537,PSF-00495,RHS-0718,2.0.0,2022-05-16T19:34:13.141Z
4,17:01:11,5/18/2022,JSG 2022,MS,,2,North,,0.05636,2.922068,0.055293,2.158609,0.823125,0.772201,4.028213,3.205088,9.135769,9.738241,47.657055,0.441786,PSF-00495_20220518170111,0,0,0,102.172493,397.51767,0.742974,0.5,0.8,25.634497,18.84,17.68,30.43,29.03,84.53,156.7,156.2,0.4,86,3.91,16:58:58,5/18/2022,0.22,0.002,0.002,-9999,-0.276,-0.555,-9999,1,150,0.005,2,0,rectangular,7000,500,5,2,55537,55537,55537,0,-9999,0,0,0,0,2.451906,2.397447,1.659909,0.933944,0.21986,-0.017405,0.1394,0.18028,102.172493,0.000321,2.419613,-0.000027,1,2.365493,-0.000018,1,0.60179,0.602419,0.107779,0,PSF-00495_20220518170111,PFA-00525,PSA-00537,PSF-00495,RHS-0718,2.0.0,2022-05-16T19:34:13.141Z
5,17:01:29,5/18/2022,JSG 2022,MS,,2,North,,0.090882,2.921395,0.08814,3.192173,0.819027,0.743684,3.796417,2.977389,8.799166,9.690625,44.918705,0.441786,PSF-00495_20220518170129,0,0,0,106.044533,424.914825,0.750433,0.5,0.8,23.68376,18.77,17.04,30.42,28.01,84.52,156.7,155.1,1,79,3.909,16:58:58,5/18/2022,0.22,-0.001,-0.002,-9999,0.497,1.209,-9999,1,150,0.005,2,0,rectangular,7000,500,5,2,55537,55537,55537,0,-9999,0,0,0,0,2.450849,2.397333,1.659209,0.931165,0.220016,-0.029166,0.141886,0.174097,106.044533,0.000315,2.419613,-0.000027,1,2.365493,-0.000018,1,0.60179,0.602419,0.107779,0,PSF-00495_20220518170129,PFA-00525,PSA-00537,PSF-00495,RHS-0718,2.0.0,2022-05-16T19:34:13.141Z
6,17:01:48,5/18/2022,JSG 2022,MS,,2,North,,0.046195,2.920816,0.045475,1.815065,0.773022,0.730139,4.050096,3.277074,8.638988,9.146381,47.920631,0.441786,PSF-00495_20220518170148,0,0,0,99.18988,407.393585,0.756526,0.5,0.8,23.012218,17.73,16.75,30.4,29.12,84.52,156.6,156,0.4,76,3.908,16:58:58,5/18/2022,0.22,-0.002,-0.004,-9999,-0.028,0.034,-9999,1,150,0.005,2,0,rectangular,7000,500,5,2,55537,55537,55537,0,-9999,0,0,0,0,2.450358,2.395725,1.658608,0.933496,0.220165,-0.015879,0.14449,0.171697,99.18988,0.00031,2.419613,-0.000027,1,2.365493,-0.000018,1,0.60179,0.602419,0.107779,0,PSF-00495_20220518170148,PFA-00525,PSA-00537,PSF-00495,RHS-0718,2.0.0,2022-05-16T19:34:13.141Z
7,17:02:30,5/18/2022,JSG 2022,MS,,3,North,,0.064411,2.92193,0.063022,2.594724,0.761261,0.700007,4.139816,3.378555,8.283079,9.007885,48.985825,0.441786,PSF-00495_20220518170230,0,0,0,126.340271,311.71524,0.594693,0.5,0.8,201.971893,17.43,16.03,30.43,29.5,84.51,156.7,156.4,0.2,849,3.907,16:58:58,5/18/2022,0.22,-0.003,-0.004,-0.001,2.347,3.414,-3.603,1,150,0.005,2,0,rectangular,7000,500,5,2,55537,55537,55537,0,-9999,0,0,0,0,2.449143,2.395251,1.659766,0.934595,0.219886,-0.011771,0.150669,0.821436,126.340271,0.000317,2.419613,-0.000027,1,2.365493,-0.000018,1,0.60179,0.602419,0.107779,0,PSF-00495_20220518170230,PFA-00525,PSA-00537,PSF-00495,RHS-0718,2.0.0,2022-05-16T19:34:13.141Z
8,17:02:51,5/18/2022,JSG 2022,MS,,3,North,,0.072989,2.922428,0.071211,3.104289,0.769037,0.695791,4.341632,3.572596,8.233331,9.100057,51.37479,0.441786,PSF-00495_20220518170251,0,0,0,145.91861,255.04303,0.427867,0.5,0.8,147.999512,17.58,15.9,30.46,30.33,84.51,156.8,156.1,0.5,865,3.907,16:58:58,5/18/2022,0.22,0,-0.001,0.003,-3.209,-3.166,-13.659,1,150,0.005,2,0,rectangular,7000,500,5,2,55537,55537,55537,0,-9999,0,0,0,0,2.448925,2.395473,1.660284,0.933647,0.219595,-0.002305,0.153801,0.834627,145.91861,0.000325,2.419613,-0.000027,1,2.365493,-0.000018,1,0.60179,0.602419,0.107779,0,PSF-00495_20220518170251,PFA-00525,PSA-00537,PSF-00495,RHS-0718,2.0.0,2022-05-16T19:34:13.141Z
9,17:03:06,5/18/2022,JSG 2022,MS,,3,North,,0.082147,2.922897,0.079901,3.363883,0.796794,0.717471,4.24879,3.451996,8.489073,9.427617,50.271423,0.441786,PSF-00495_20220518170306,0,0,0,95.249893,209.452637,0.545244,0.5,0.8,205.908493,18.17,16.36,30.5,29.95,84.52,156.8,156.3,0.4,944,3.906,16:58:58,5/18/2022,0.22,-0.005,-0.004,-9999,0.335,1.588,-9999,1,150,0.005,2,0,rectangular,7000,500,5,2,55537,55537,55537,0,-9999,0,0,0,0,2.449702,2.396401,1.660773,0.934261,0.219286,-0.007235,0.155914,0.901331,95.249893,0.00031,2.419613,-0.000027,1,2.365493,-0.000018,1,0.60179,0.602419,0.107779,0,PSF-00495_20220518170306,PFA-00525,PSA-00537,PSF-00495,RHS-0718,2.0.0,2022-05-16T19:34:13.141Z
10,17:03:41,5/18/2022,JSG 2022,MS,,4,North,,0.119394,2.922,0.114707,4.599005,0.807204,0.698699,4.097269,3.290065,8.267478,9.551382,48.481644,0.441786,PSF-00495_20220518170341,0,0,0,109.230278,216.356628,0.495138,0.5,0.8,158.485519,18.34,15.87,30.57,29.32,84.51,156.7,155.1,1.1,800,3.906,16:58:58,5/18/2022,0.22,0.001,0.002,-0.003,0.672,-0.392,11.595,1,150,0.005,2,0,rectangular,7000,500,5,2,55537,55537,55537,0,-9999,0,0,0,0,2.448865,2.396648,1.659839,0.931195,0.218675,-0.015576,0.160938,0.780377,109.230278,0.000312,2.419613,-0.000027,1,2.365493,-0.000018,1,0.60179,0.602419,0.107779,0,PSF-00495_20220518170341,PFA-00525,PSA-00537,PSF-00495,RHS-0718,2.0.0,2022-05-16T19:34:13.141Z
11,17:03:57,5/18/2022,JSG 2022,MS,,4,North,,0.088293,2.920941,0.085703,3.11683,0.78537,0.711753,3.77596,2.99059,8.421922,9.293004,44.679573,0.441786,PSF-00495_20220518170357,0,0,0,111.385704,378.391388,0.705634,0.5,0.8,223.733841,17.82,16.15,30.59,27.91,84.51,156.6,156.3,0.2,793,3.905,16:58:58,5/18/2022,0.22,-0.001,0,-9999,0.273,1.657,-9999,1,150,0.005,2,0,rectangular,7000,500,5,2,55537,55537,55537,0,-9999,0,0,0,0,2.449329,2.395841,1.658738,0.934217,0.218484,-0.032371,0.163249,0.77404,111.385704,0.000317,2.419613,-0.000027,1,2.365493,-0.000018,1,0.60179,0.602419,0.107779,0,PSF-00495_20220518170357,PFA-00525,PSA-00537,PSF-00495,RHS-0718,2.0.0,2022-05-16T19:34:13.141Z
12,17:05:11,5/18/2022,JSG 2022,MS,,4,North,,0.117817,2.923164,0.113253,4.224466,0.71257,0.612881,3.781147,3.068576,7.252048,8.431636,44.741211,0.441786,PSF-00495_20220518170511,0,0,0,150.167938,435.899719,0.655499,0.5,0.8,33.104774,16.13,13.87,30.63,27.94,84.51,156.9,156.2,0.5,126,3.903,16:58:58,5/18/2022,0.22,0.001,-0.001,0.001,1.004,3.145,12.656,1,150,0.005,2,0,rectangular,7000,500,5,2,55537,55537,55537,0,-9999,0,0,0,0,2.445443,2.393186,1.661052,0.933934,0.218146,-0.032568,0.17341,0.213902,150.167938,0.000314,2.419613,-0.000027,1,2.365493,-0.000018,1,0.60179,0.602419,0.107779,0,PSF-00495_20220518170511,PFA-00525,PSA-00537,PSF-00495,RHS-0718,2.0.0,2022-05-16T19:34:13.141Z
13,17:05:49,5/18/2022,JSG 2022,MS,,1,Central,,0.026598,2.923758,0.026358,1.080239,0.64371,0.618211,4.011734,3.368023,7.315439,7.617177,47.471779,0.441786,PSF-00495_20220518170549,0,0,0,97.502586,381.373993,0.744339,0.5,0.8,30.594769,14.58,14,30.62,28.96,84.51,157,156,0.6,103,3.902,16:58:58,5/18/2022,0.22,0,0.002,-9999,0.104,0.125,-9999,1,150,0.005,2,0,rectangular,7000,500,5,2,55537,55537,55537,0,-9999,0,0,0,0,2.445668,2.39071,1.661672,0.933583,0.218244,-0.020488,0.178313,0.19415,97.502586,0.000321,2.419613,-0.000027,1,2.365493,-0.000018,1,0.60179,0.602419,0.107779,0,PSF-00495_20220518170549,PFA-00525,PSA-00537,PSF-00495,RHS-0718,2.0.0,2022-05-16T19:34:13.141Z
14,17:06:13,5/18/2022,JSG 2022,MS,,1,Central,,0.023025,2.92277,0.022845,0.967272,0.729556,0.706729,4.203149,3.473593,8.363016,8.633135,49.737587,0.441786,PSF-00495_20220518170613,0,0,0,98.819016,366.386902,0.730288,0.5,0.8,30.379538,16.54,16.02,30.61,29.76,84.51,156.8,155.8,0.7,104,3.902,16:58:58,5/18/2022,0.22,0,0,-9999,0.136,0.116,-9999,1,150,0.005,2,0,rectangular,7000,500,5,2,55537,55537,55537,0,-9999,0,0,0,0,2.449112,2.393831,1.66064,0.933025,0.218353,-0.010773,0.181372,0.195193,98.819016,0.00032,2.419613,-0.000027,1,2.365493,-0.000018,1,0.60179,0.602419,0.107779,0,PSF-00495_20220518170613,PFA-00525,PSA-00537,PSF-00495,RHS-0718,2.0.0,2022-05-16T19:34:13.141Z
15,17:06:39,5/18/2022,JSG 2022,MS,,1,Central,,0.018825,2.923493,0.018705,0.76849,0.671718,0.653581,4.046698,3.374979,7.734229,7.948862,47.887081,0.441786,PSF-00495_20220518170639,0,0,0,102.521538,372.960083,0.725114,0.5,0.8,30.528854,15.24,14.83,30.59,29.11,84.5,156.9,151.6,3.4,105,3.901,16:58:58,5/18/2022,0.22,-0.001,-0.001,-9999,0.466,0.897,-9999,1,150,0.005,2,0,rectangular,7000,500,5,2,55537,55537,55537,0,-9999,0,0,0,0,2.447097,2.391779,1.661395,0.922501,0.218535,-0.018312,0.184508,0.196249,102.521538,0.000325,2.419613,-0.000027,1,2.365493,-0.000018,1,0.60179,0.602419,0.107779,0,PSF-00495_20220518170639,PFA-00525,PSA-00537,PSF-00495,RHS-0718,2.0.0,2022-05-16T19:34:13.141Z
16,17:07:31,5/18/2022,JSG 2022,MS,,3,Central,,0.126097,2.922098,0.120881,4.860586,0.771304,0.656598,4.071815,3.300511,7.770028,9.127432,48.184887,0.441786,PSF-00495_20220518170731,0,0,0,198.067902,365.358704,0.457881,0.5,0.8,162.677551,17.51,14.91,30.58,29.21,84.5,156.8,156.1,0.4,888,3.9,16:58:58,5/18/2022,0.22,-0.001,-0.001,0,0.93,1.911,16.682,1,150,0.005,2,0,rectangular,7000,500,5,2,55537,55537,55537,0,-9999,0,0,0,0,2.447224,2.395363,1.659941,0.933787,0.21859,-0.016971,0.1913,0.854343,198.067902,0.000311,2.419613,-0.000027,1,2.365493,-0.000018,1,0.60179,0.602419,0.107779,0,PSF-00495_20220518170731,PFA-00525,PSA-00537,PSF-00495,RHS-0718,2.0.0,2022-05-16T19:34:13.141Z
17,17:07:53,5/18/2022,JSG 2022,MS,,2,Central,,0.036934,2.922093,0.036473,1.543636,0.771028,0.7346,4.241374,3.470346,8.69323,9.12432,50.19228,0.441786,PSF-00495_20220518170753,0,0,0,102.970718,209.818481,0.509239,0.5,0.8,178.69519,17.47,16.65,30.61,29.92,84.5,156.8,153.5,2.1,877,3.899,16:58:58,5/18/2022,0.22,0.001,0,-9999,0.087,0.926,-9999,1,150,0.005,2,0,rectangular,7000,500,5,2,55537,55537,55537,0,-9999,0,0,0,0,2.450171,2.395305,1.659936,0.927261,0.218335,-0.008923,0.194169,0.845145,102.970718,0.000314,2.419613,-0.000027,1,2.365493,-0.000018,1,0.60179,0.602419,0.107779,0,PSF-00495_20220518170753,PFA-00525,PSA-00537,PSF-00495,RHS-0718,2.0.0,2022-05-16T19:34:13.141Z
18,17:08:31,5/18/2022,JSG 2022,MS,,2,Central,,0.059869,2.92188,0.058667,2.561426,0.864303,0.803915,4.437887,3.573584,9.513726,10.228378,52.519062,0.441786,PSF-00495_20220518170831,0,0,0,165.915009,269.823425,0.385098,0.5,0.8,13.356793,19.53,18.17,30.66,30.71,84.5,156.7,156,0.4,87,3.899,16:58:58,5/18/2022,0.22,-0.001,-0.001,0.002,-2.174,-1.191,13.137,1,150,0.005,2,0,rectangular,7000,500,5,2,55537,55537,55537,0,-9999,0,0,0,0,2.452695,2.398485,1.659714,0.933597,0.217903,-0.00007,0.198966,0.180661,165.915009,0.000309,2.419613,-0.000027,1,2.365493,-0.000018,1,0.60179,0.602419,0.107779,0,PSF-00495_20220518170831,PFA-00525,PSA-00537,PSF-00495,RHS-0718,2.0.0,2022-05-16T19:34:13.141Z
19,17:08:50,5/18/2022,JSG 2022,MS,,2,Central,,0.065289,2.922526,0.063863,2.706299,0.775979,0.712137,4.250515,3.474536,8.427207,9.182691,50.299271,0.441786,PSF-00495_20220518170850,0,0,0,232.548233,360.812195,0.355487,0.5,0.8,11.277222,17.51,16.07,30.68,29.96,84.5,156.8,156.1,0.5,79,3.898,16:58:58,5/18/2022,0.22,0.001,0.001,-0.001,1.603,3.787,-7.004,1,150,0.005,2,0,rectangular,7000,500,5,2,55537,55537,55537,0,-9999,0,0,0,0,2.449198,2.395362,1.660387,0.933706,0.217719,-0.009341,0.201388,0.17444,232.548233,0.00031,2.419613,-0.000027,1,2.365493,-0.000018,1,0.60179,0.602419,0.107779,0,PSF-00495_20220518170850,PFA-00525,PSA-00537,PSF-00495,RHS-0718,2.0.0,2022-05-16T19:34:13.141Z
20,17:10:18,5/18/2022,JSG 2022,MS,,3,Central,,0.106977,2.920908,0.103197,4.600398,0.881869,0.773357,4.527934,3.646065,9.152781,10.437035,53.588665,0.441786,PSF-00495_20220518171018,0,0,0,242.284653,347.961914,0.303704,0.5,0.8,147.093811,19.66,17.24,30.9,31.06,84.49,156.6,156.3,0.2,1211,3.896,17:09:27,5/18/2022,0.2,-0.002,-0.004,-0.006,-3.153,-1.849,15.013,1,150,0.005,2,0,rectangular,7000,500,5,2,55537,55537,55537,0,-9999,0,0,0,0,2.451136,2.398696,1.658703,0.934181,0.215867,0.001292,0.212847,1.125518,242.284653,0.000314,2.419613,-0.000027,1,2.365493,-0.000018,1,0.60179,0.602419,0.107779,0,PSF-00495_20220518171018,PFA-00525,PSA-00537,PSF-00495,RHS-0718,2.0.0,2022-05-16T19:34:13.141Z
21,17:10:47,5/18/2022,JSG 2022,MS,,3,Central,,0.141409,2.921782,0.134881,5.233573,0.867275,0.743891,4.050406,3.18313,8.803934,10.26419,47.936489,0.441786,PSF-00495_20220518171047,0,0,0,102.943893,272.776367,0.622607,0.5,0.8,324.761047,19.24,16.51,30.98,29.12,84.5,156.7,156.3,0.3,1304,3.895,17:09:27,5/18/2022,0.2,0,0.002,-9999,0.539,1.032,-9999,1,150,0.005,2,0,rectangular,7000,500,5,2,55537,55537,55537,0,-9999,0,0,0,0,2.449901,2.398053,1.659613,0.934294,0.215174,-0.02286,0.216558,1.203858,102.943893,0.000315,2.419613,-0.000027,1,2.365493,-0.000018,1,0.60179,0.602419,0.107779,0,PSF-00495_20220518171047,PFA-00525,PSA-00537,PSF-00495,RHS-0718,2.0.0,2022-05-16T19:34:13.141Z
22,17:11:33,5/18/2022,JSG 2022,MS,,4,Central,,0.005242,2.92275,0.005232,0.227979,0.650711,0.645327,4.225864,3.575153,7.637683,7.701409,50.014664,0.441786,PSF-00495_20220518171133,0,0,0,100.382568,339.869507,0.704644,0.5,0.8,31.281088,14.33,14.22,31.11,29.86,84.49,156.8,156,0.5,111,3.895,17:09:27,5/18/2022,0.2,0,-0.002,-9999,0.002,0.076,-9999,1,150,0.005,2,0,rectangular,7000,500,5,2,55537,55537,55537,0,-9999,0,0,0,0,2.445999,2.390321,1.66062,0.933625,0.214094,-0.015687,0.222457,0.201062,100.382568,0.000312,2.419613,-0.000027,1,2.365493,-0.000018,1,0.60179,0.602419,0.107779,0,PSF-00495_20220518171133,PFA-00525,PSA-00537,PSF-00495,RHS-0718,2.0.0,2022-05-16T19:34:13.141Z
23,17:11:50,5/18/2022,JSG 2022,MS,,4,Central,,0.066596,2.923052,0.065112,2.567704,0.719475,0.658896,3.95915,3.239675,7.798347,8.515325,46.858414,0.441786,PSF-00495_20220518171150,0,0,0,106.985809,380.409119,0.718761,0.5,0.8,34.325359,15.83,14.5,31.13,28.73,84.49,156.9,156,0.5,119,3.895,17:09:27,5/18/2022,0.2,-0.001,0,-9999,0.31,0.767,-9999,1,150,0.005,2,0,rectangular,7000,500,5,2,55537,55537,55537,0,-9999,0,0,0,0,2.446478,2.392711,1.660935,0.933608,0.213901,-0.029311,0.224436,0.20813,106.985809,0.000314,2.419613,-0.000027,1,2.365493,-0.000018,1,0.60179,0.602419,0.107779,0,PSF-00495_20220518171150,PFA-00525,PSA-00537,PSF-00495,RHS-0718,2.0.0,2022-05-16T19:34:13.141Z
24,17:12:11,5/18/2022,JSG 2022,MS,,4,Central,,0.007316,2.921401,0.007298,0.312049,0.618756,0.611376,4.129896,3.51114,7.235987,7.323339,48.879719,0.441786,PSF-00495_20220518171211,0,0,0,119.188072,391.429077,0.695505,0.5,0.8,68.970993,13.6,13.44,31.15,29.46,84.49,156.7,155.9,0.5,248,3.894,17:09:27,5/18/2022,0.2,0.002,0.001,-9999,4.158,1.226,-9999,1,150,0.005,2,0,rectangular,7000,500,5,2,55537,55537,55537,0,-9999,0,0,0,0,2.44465,2.389126,1.659216,0.933301,0.213747,-0.020918,0.226886,0.31616,119.188072,0.000319,2.419613,-0.000027,1,2.365493,-0.000018,1,0.60179,0.602419,0.107779,0,PSF-00495_20220518171211,PFA-00525,PSA-00537,PSF-00495,RHS-0718,2.0.0,2022-05-16T19:34:13.141Z
25,17:12:28,5/18/2022,JSG 2022,MS,,4,Central,,0.042146,2.921722,0.041547,1.624588,0.704728,0.666355,3.918049,3.21332,7.886949,8.341139,46.37389,0.441786,PSF-00495_20220518171228,0,0,0,109.187721,339.656006,0.678534,0.5,0.8,33.306068,15.48,14.64,31.16,28.55,84.49,156.7,155.9,0.5,123,3.893,17:09:27,5/18/2022,0.2,0.001,-0.002,-9999,0.162,0.468,-9999,1,150,0.005,2,0,rectangular,7000,500,5,2,55537,55537,55537,0,-9999,0,0,0,0,2.446718,2.392155,1.659549,0.933151,0.21367,-0.031753,0.228865,0.210923,109.187721,0.000323,2.419613,-0.000027,1,2.365493,-0.000018,1,0.60179,0.602419,0.107779,0,PSF-00495_20220518171228,PFA-00525,PSA-00537,PSF-00495,RHS-0718,2.0.0,2022-05-16T19:34:13.141Z
26,17:13:27,5/18/2022,JSG 2022,MS,,1,South,,0.078864,2.92345,0.076792,2.846212,0.756153,0.689061,3.802935,3.046782,8.156181,8.950327,45.014072,0.441786,PSF-00495_20220518171327,0,0,0,119.176987,428.661346,0.721979,0.5,0.8,24.819063,16.58,15.11,31.19,28.04,84.48,156.9,153.5,2.2,86,3.893,17:09:27,5/18/2022,0.2,-0.002,-0.002,-9999,2.322,4.4,-9999,1,150,0.005,2,0,rectangular,7000,500,5,2,55537,55537,55537,0,-9999,0,0,0,0,2.447529,2.393902,1.661351,0.927205,0.213448,-0.038066,0.235601,0.180015,119.176987,0.000317,2.419613,-0.000027,1,2.365493,-0.000018,1,0.60179,0.602419,0.107779,0,PSF-00495_20220518171327,PFA-00525,PSA-00537,PSF-00495,RHS-0718,2.0.0,2022-05-16T19:34:13.141Z
27,17:13:46,5/18/2022,JSG 2022,MS,,1,South,,0.000382,2.922841,0.000382,0.015287,0.659771,0.65941,3.950432,3.290661,7.805102,7.809374,46.759254,0.441786,PSF-00495_20220518171346,0,0,0,106.784462,382.579193,0.720883,0.5,0.8,27.613409,14.48,14.47,31.17,28.69,84.48,156.8,155.8,0.7,96,3.892,17:09:27,5/18/2022,0.2,-0.004,-0.002,-9999,0.257,1.777,-9999,1,150,0.005,2,0,rectangular,7000,500,5,2,55537,55537,55537,0,-9999,0,0,0,0,2.446438,2.390555,1.660715,0.93304,0.213565,-0.03024,0.237638,0.18827,106.784462,0.000323,2.419613,-0.000027,1,2.365493,-0.000018,1,0.60179,0.602419,0.107779,0,PSF-00495_20220518171346,PFA-00525,PSA-00537,PSF-00495,RHS-0718,2.0.0,2022-05-16T19:34:13.141Z
28,17:14:39,5/18/2022,JSG 2022,MS,,1,South,,0.097565,2.923888,0.094415,3.556968,0.660574,0.576659,3.760218,3.099643,6.825474,7.818721,44.506859,0.441786,PSF-00495_20220518171439,0,0,0,175.749786,445.302856,0.605325,0.5,0.8,20.414257,14.55,12.71,31.11,27.84,84.49,157,156.3,0.4,84,3.891,17:09:27,5/18/2022,0.2,0,0.002,0.001,0.553,2.162,13.144,1,150,0.005,2,0,rectangular,7000,500,5,2,55537,55537,55537,0,-9999,0,0,0,0,2.44338,2.390677,1.661808,0.934347,0.21413,-0.039346,0.24337,0.178645,175.749786,0.000323,2.419613,-0.000027,1,2.365493,-0.000018,1,0.60179,0.602419,0.107779,0,PSF-00495_20220518171439,PFA-00525,PSA-00537,PSF-00495,RHS-0718,2.0.0,2022-05-16T19:34:13.141Z
29,17:14:53,5/18/2022,JSG 2022,MS,,1,South,,0.039681,2.922533,0.03915,1.534494,0.700919,0.664694,3.92191,3.220991,7.867254,8.296,46.419319,0.441786,PSF-00495_20220518171453,0,0,0,95.378998,373.816254,0.744851,0.5,0.8,23.918545,15.46,14.66,31.08,28.57,84.49,156.8,153.3,2.2,80,3.89,17:09:27,5/18/2022,0.2,0,0.003,-9999,0.039,0.157,-9999,1,150,0.005,2,0,rectangular,7000,500,5,2,55537,55537,55537,0,-9999,0,0,0,0,2.446769,2.392132,1.660393,0.926674,0.214303,-0.030647,0.244805,0.175256,95.378998,0.000317,2.419613,-0.000027,1,2.365493,-0.000018,1,0.60179,0.602419,0.107779,0,PSF-00495_20220518171453,PFA-00525,PSA-00537,PSF-00495,RHS-0718,2.0.0,2022-05-16T19:34:13.141Z
30,17:15:54,5/18/2022,JSG 2022,MS,,2,South,,0.036872,2.921159,0.036413,1.526093,0.787805,0.751782,4.223352,3.435547,8.899176,9.325596,49.99366,0.441786,PSF-00495_20220518171554,0,0,0,112.39386,383.158936,0.706665,0.5,0.8,25.751261,17.4,16.6,31.06,29.85,84.48,156.6,155.9,0.5,91,3.889,17:09:27,5/18/2022,0.2,0,0.001,0.001,-1.713,-3.962,-15.165,1,150,0.005,2,0,rectangular,7000,500,5,2,55537,55537,55537,0,-9999,0,0,0,0,2.450058,2.39519,1.658965,0.933251,0.214482,-0.015253,0.251805,0.184352,112.39386,0.000312,2.419613,-0.000027,1,2.365493,-0.000018,1,0.60179,0.602419,0.107779,0,PSF-00495_20220518171554,PFA-00525,PSA-00537,PSF-00495,RHS-0718,2.0.0,2022-05-16T19:34:13.141Z
31,17:16:39,5/18/2022,JSG 2022,MS,,2,South,,0.161376,2.921704,0.152929,7.136978,0.84115,0.672866,4.655282,3.814132,7.965152,9.957232,55.107582,0.441786,PSF-00495_20220518171639,0,0,0,104.500648,145.979767,0.284143,0.5,0.8,188.133759,18.56,14.84,31.08,31.55,84.48,156.7,156.1,0.4,1655,3.889,17:09:27,5/18/2022,0.2,0.001,0.001,0.02,-1.002,-2.232,-9.333,1,150,0.005,2,0,rectangular,7000,500,5,2,55537,55537,55537,0,-9999,0,0,0,0,2.447079,2.396986,1.65953,0.933764,0.214312,0.004969,0.256951,1.499082,104.500648,0.000316,2.419613,-0.000027,1,2.365493,-0.000018,1,0.60179,0.602419,0.107779,0,PSF-00495_20220518171639,PFA-00525,PSA-00537,PSF-00495,RHS-0718,2.0.0,2022-05-16T19:34:13.141Z
32,17:17:18,5/18/2022,JSG 2022,MS,,2,South,,0.129991,2.923547,0.124457,4.713652,0.897312,0.786406,4.003903,3.106592,9.309276,10.622152,47.397217,0.441786,PSF-00495_20220518171718,0,0,0,104.975937,415.975586,0.747639,0.5,0.8,20.262459,19.77,17.33,31.1,28.92,84.48,156.9,140.6,10.4,68,3.887,17:09:27,5/18/2022,0.2,0.003,0.005,0.02,-0.236,-0.38,-1.017,1,150,0.005,2,0,rectangular,7000,500,5,2,55537,55537,55537,0,-9999,0,0,0,0,2.451266,2.398853,1.661451,0.895321,0.214148,-0.026675,0.261495,0.164729,104.975937,0.000323,2.419613,-0.000027,1,2.365493,-0.000018,1,0.60179,0.602419,0.107779,0,PSF-00495_20220518171718,PFA-00525,PSA-00537,PSF-00495,RHS-0718,2.0.0,2022-05-16T19:34:13.141Z
33,17:18:46,5/18/2022,JSG 2022,MS,,2,South,,0.194174,2.923137,0.182079,7.203265,0.862213,0.692638,4.105231,3.243018,8.20093,10.208719,48.606487,0.441786,PSF-00495_20220518171846,0,0,0,230.814819,359.167114,0.357361,0.5,0.8,19.880917,18.97,15.24,31.13,29.36,84.46,156.9,150.8,3.9,139,3.886,17:09:27,5/18/2022,0.2,0.001,-0.001,-0.007,-2.086,2.392,3.73,1,150,0.005,2,0,rectangular,7000,500,5,2,55537,55537,55537,0,-9999,0,0,0,0,2.447745,2.397615,1.661024,0.920511,0.213895,-0.021936,0.271429,0.224681,230.814819,0.000314,2.419613,-0.000027,1,2.365493,-0.000018,1,0.60179,0.602419,0.107779,0,PSF-00495_20220518171846,PFA-00525,PSA-00537,PSF-00495,RHS-0718,2.0.0,2022-05-16T19:34:13.141Z
34,17:21:00,5/18/2022,JSG 2022,MS,,3,South,,0.060482,2.92132,0.059255,2.723339,0.883675,0.819484,4.638695,3.75502,9.702227,10.462212,54.919518,0.441786,PSF-00495_20220518172100,0,0,0,131.634232,231.968872,0.432535,0.5,0.8,180.702423,19.28,17.88,31.28,31.49,84.46,156.7,154.8,1.2,1044,3.883,17:20:08,5/18/2022,0.2,0,0,-0.004,0.978,-2.483,-9.201,1,150,0.005,2,0,rectangular,7000,500,5,2,55537,55537,55537,0,-9999,0,0,0,0,2.452161,2.398076,1.659131,0.930467,0.212672,0.001841,0.286653,0.985658,131.634232,0.000306,2.419613,-0.000027,1,2.365493,-0.000018,1,0.60179,0.602419,0.107779,0,PSF-00495_20220518172100,PFA-00525,PSA-00537,PSF-00495,RHS-0718,2.0.0,2022-05-16T19:34:13.141Z
35,17:21:33,5/18/2022,JSG 2022,MS,,3,South,,0.134445,2.920857,0.128529,4.987722,0.786787,0.669028,3.972594,3.185807,7.919833,9.313849,47.026867,0.441786,PSF-00495_20220518172133,0,0,0,119.172691,385.88797,0.691173,0.5,0.8,22.334599,17.13,14.57,31.31,28.79,84.47,156.6,132.6,15.3,81,3.883,17:20:08,5/18/2022,0.2,0.002,0,-9999,0.461,1.527,-9999,1,150,0.005,2,0,rectangular,7000,500,5,2,55537,55537,55537,0,-9999,0,0,0,0,2.446593,2.394752,1.65865,0.876132,0.212412,-0.030766,0.290218,0.175681,119.172691,0.000319,2.419613,-0.000027,1,2.365493,-0.000018,1,0.60179,0.602419,0.107779,0,PSF-00495_20220518172133,PFA-00525,PSA-00537,PSF-00495,RHS-0718,2.0.0,2022-05-16T19:34:13.141Z
36,17:21:50,5/18/2022,JSG 2022,MS,,3,South,,0.050885,2.923833,0.050014,2.030764,0.711935,0.664058,4.045447,3.333511,7.860744,8.42749,47.887722,0.441786,PSF-00495_20220518172150,0,0,0,119.413734,412.300598,0.710372,0.5,0.8,22.843418,15.49,14.45,31.32,29.1,84.48,157,156,0.6,80,3.882,17:20:08,5/18/2022,0.2,-0.002,-0.001,-9999,-1.584,-2.357,-9999,1,150,0.005,2,0,rectangular,7000,500,5,2,55537,55537,55537,0,-9999,0,0,0,0,2.446391,2.392162,1.661751,0.933547,0.212319,-0.027204,0.292118,0.175351,119.413734,0.000321,2.419613,-0.000027,1,2.365493,-0.000018,1,0.60179,0.602419,0.107779,0,PSF-00495_20220518172150,PFA-00525,PSA-00537,PSF-00495,RHS-0718,2.0.0,2022-05-16T19:34:13.141Z
37,17:22:21,5/18/2022,JSG 2022,MS,,3,South,,0.112391,2.923088,0.108229,4.143727,0.718907,0.621169,3.86534,3.146433,7.353446,8.510467,45.75816,0.441786,PSF-00495_20220518172221,0,0,0,107.676025,400.409088,0.731085,0.5,0.8,25.186852,15.64,13.52,31.33,28.32,84.47,156.9,156,0.6,86,3.883,17:20:08,5/18/2022,0.2,-0.002,0,-9999,0.063,0.305,-9999,1,150,0.005,2,0,rectangular,7000,500,5,2,55537,55537,55537,0,-9999,0,0,0,0,2.444775,2.392396,1.660973,0.933455,0.212275,-0.036491,0.295304,0.180172,107.676025,0.000319,2.419613,-0.000027,1,2.365493,-0.000018,1,0.60179,0.602419,0.107779,0,PSF-00495_20220518172221,PFA-00525,PSA-00537,PSF-00495,RHS-0718,2.0.0,2022-05-16T19:34:13.141Z
38,17:22:52,5/18/2022,JSG 2022,MS,,4,South,,0.0771,2.922154,0.075118,3.0557,0.631842,0.559637,3.974501,3.342659,6.624867,7.479607,47.04929,0.441786,PSF-00495_20220518172252,0,0,0,105.90184,375.028259,0.717616,0.5,0.8,32.591114,13.74,12.17,31.34,28.8,84.48,156.8,155.3,0.9,114,3.881,17:20:08,5/18/2022,0.2,0.001,0.004,-9999,0.327,0.86,-9999,1,150,0.005,2,0,rectangular,7000,500,5,2,55537,55537,55537,0,-9999,0,0,0,0,2.442418,2.389334,1.659999,0.931723,0.212161,-0.031032,0.298517,0.203212,105.90184,0.000323,2.419613,-0.000027,1,2.365493,-0.000018,1,0.60179,0.602419,0.107779,0,PSF-00495_20220518172252,PFA-00525,PSA-00537,PSF-00495,RHS-0718,2.0.0,2022-05-16T19:34:13.141Z
39,17:23:56,5/18/2022,JSG 2022,MS,,4,South,,0.049867,2.921791,0.049031,1.990503,0.612503,0.565445,3.949296,3.336793,6.693733,7.250804,46.751747,0.441786,PSF-00495_20220518172356,0,0,0,118.646622,405.718811,0.707564,0.5,0.8,35.148762,13.33,12.3,31.33,28.69,84.47,156.7,155.2,1,124,3.88,17:20:08,5/18/2022,0.2,-0.001,-0.002,-9999,2.624,4.159,-9999,1,150,0.005,2,0,rectangular,7000,500,5,2,55537,55537,55537,0,-9999,0,0,0,0,2.442658,2.388667,1.659621,0.931471,0.212278,-0.032152,0.305386,0.212163,118.646622,0.000321,2.419613,-0.000027,1,2.365493,-0.000018,1,0.60179,0.602419,0.107779,0,PSF-00495_20220518172356,PFA-00525,PSA-00537,PSF-00495,RHS-0718,2.0.0,2022-05-16T19:34:13.141Z
40,17:24:45,5/18/2022,JSG 2022,MS,,4,South,,0.097119,2.922014,0.093995,3.852406,0.68847,0.597492,4.053516,3.365047,7.072998,8.149983,47.984806,0.441786,PSF-00495_20220518172445,0,0,0,108.071564,406.254517,0.733981,0.5,0.8,32.169079,15.01,13.03,31.29,29.14,84.47,156.7,156.1,0.4,110,3.879,17:20:08,5/18/2022,0.2,0,0,-9999,0.839,1.518,-9999,1,150,0.005,2,0,rectangular,7000,500,5,2,55537,55537,55537,0,-9999,0,0,0,0,2.443926,2.391388,1.659854,0.933651,0.212561,-0.026448,0.310466,0.199876,108.071564,0.00031,2.419613,-0.000027,1,2.365493,-0.000018,1,0.60179,0.602419,0.107779,0,PSF-00495_20220518172445,PFA-00525,PSA-00537,PSF-00495,RHS-0718,2.0.0,2022-05-16T19:34:13.141Z
