,Season,Growing season,Month,Date,Control.mean,Control_2.mean,plot1.mean,plot2.mean,plot3.mean,plot4.mean,plot1.15.mean,plot2.15.mean,plot3.15.mean,plot4.15.mean,AirTC.mean,RH.mean,Control.std.error,Control_2.std.error,plot1.std.error,plot2.std.error,plot3.std.error,plot4.std.error,plot1.15.std.error,plot2.15.std.error,plot3.15.std.error,plot4.15.std.error,AirTC.std.error,RH.std.error,1dcon,2dcon,3dcon,4dcon,1dcon.std.error,2dcon.std.error,3dcon.std.error,4dcon.std.error,plot1frac,plot2frac,plot3frac,plot4frac,controlfrac
1,Cool,Y,May,5/13/2022,NA,NA,0.306311111,0.294644444,0.287088889,0.331081481,0.295488889,0.260644444,0.237977778,0.298637037,19.71417778,19.99888889,NA,NA,0.000335749,9.08E-05,0.000236925,0.000174128,0.000368605,0.000328995,0.000197814,0.000279052,1.011058461,0.934579645,#VALUE!,#VALUE!,#VALUE!,#VALUE!,0.000368605,0.000328995,0.000197814,0.000279052,0.317133333,0.328644444,0.3362,0.363525925,#VALUE!
2,Cool,Y,May,5/14/2022,NA,NA,0.302555556,0.288541667,0.28596875,0.328024306,0.2891875,0.25596875,0.236296875,0.292604167,18.26132292,33.09947917,NA,NA,0.000270444,0.000283275,0.000197686,0.000189274,0.000346164,0.000219875,0.000206604,0.000273385,0.889946032,1.455153187,#VALUE!,#VALUE!,#VALUE!,#VALUE!,0.000346164,0.000219875,0.000206604,0.000273385,0.315923612,0.321114584,0.335640625,0.363444445,#VALUE!
3,Cool,Y,May,5/15/2022,NA,NA,0.300347222,0.28084375,0.285609375,0.325541667,0.285274306,0.252229167,0.23590625,0.288458333,16.73448958,47.07239583,NA,NA,0.000268284,0.000238934,0.000189384,0.000190493,0.000346136,0.000226278,0.000204434,0.000205448,0.800060597,1.665197316,#VALUE!,#VALUE!,#VALUE!,#VALUE!,0.000346136,0.000226278,0.000204434,0.000205448,0.315420138,0.309458333,0.3353125,0.362625001,#VALUE!
4,Cool,Y,May,5/16/2022,NA,NA,0.297923611,0.273239583,0.285072917,0.322899305,0.281451389,0.24784375,0.235114583,0.284017361,17.75322917,49.28541667,NA,NA,0.000224991,0.000237284,0.000179237,0.000163428,0.000300462,0.00017729,0.000179772,0.0002326,1.001681627,2.492733153,#VALUE!,#VALUE!,#VALUE!,#VALUE!,0.000300462,0.00017729,0.000179772,0.0002326,0.314395833,0.298635416,0.335031251,0.361781249,#VALUE!
5,Cool,Y,May,5/17/2022,NA,NA,0.295409722,0.26640625,0.284796875,0.320409722,0.278409722,0.245385417,0.234817708,0.280201389,18.64153125,48.19135417,NA,NA,0.000231871,0.000191129,0.000197653,0.00016442,0.000304309,0.000153447,0.000207073,0.000207056,0.867195445,2.111315237,#VALUE!,#VALUE!,#VALUE!,#VALUE!,0.000304309,0.000153447,0.000207073,0.000207056,0.312409722,0.287427083,0.334776042,0.360618055,#VALUE!
6,Cool,Y,May,5/18/2022,NA,NA,0.294802083,0.26221875,0.285640625,0.319607639,0.277972222,0.245010417,0.23571875,0.278982639,20.12708333,47.57510417,NA,NA,0.000254998,0.000133446,0.000204889,0.000165124,0.000351121,0.000209686,0.000213036,0.000191966,0.837797812,2.511047036,#VALUE!,#VALUE!,#VALUE!,#VALUE!,0.000351121,0.000209686,0.000213036,0.000191966,0.311631944,0.279427083,0.3355625,0.360232639,#VALUE!
7,Cool,Y,May,5/19/2022,NA,NA,0.293055556,0.257104167,0.285338542,0.317822917,0.275131944,0.242864583,0.23478125,0.275100694,20.620875,35.2034375,NA,NA,0.000188979,0.000217884,0.000143861,0.000158879,0.000228643,0.000156455,0.000142582,0.00018713,1.002924033,2.13280501,#VALUE!,#VALUE!,#VALUE!,#VALUE!,0.000228643,0.000156455,0.000142582,0.00018713,0.310979168,0.271343751,0.335895834,0.36054514,#VALUE!
8,Cool,Y,May,5/20/2022,NA,NA,0.298965278,0.25365625,0.281572917,0.330427083,0.282243056,0.238458333,0.2306875,0.297760417,2.67278125,93.93958333,NA,NA,0.000778636,0.000656918,0.000158284,0.00154456,0.000981921,0.000664731,0.000163106,0.003002085,0.217781718,0.714845983,#VALUE!,#VALUE!,#VALUE!,#VALUE!,0.000981921,0.000664731,0.000163106,0.003002085,0.3156875,0.268854167,0.332458334,0.363093749,#VALUE!
9,Cool,Y,May,5/21/2022,NA,NA,0.331048611,0.3278125,0.277166667,0.371006944,0.335822917,0.327791667,0.228223958,0.3843125,6.492354167,72.19083333,NA,NA,0.001679316,0.004146001,7.86E-05,0.001636533,0.002851678,0.004086346,0.000162368,0.002097036,0.494831164,2.115850932,#VALUE!,#VALUE!,#VALUE!,#VALUE!,0.002851678,0.004086346,0.000162368,0.002097036,0.326274305,0.327833333,0.326109376,0.357701388,#VALUE!
10,Cool,Y,May,5/22/2022,NA,NA,0.342947917,0.36734375,0.275640625,0.389309028,0.355413194,0.353291667,0.22809375,0.398736111,10.14857292,64.91666667,NA,NA,0.000240072,0.000109653,0.000144471,0.00023654,0.00037696,0.000210428,0.000171473,0.000264534,0.695269197,2.310061862,#VALUE!,#VALUE!,#VALUE!,#VALUE!,0.00037696,0.000210428,0.000171473,0.000264534,0.33048264,0.381395833,0.3231875,0.379881945,#VALUE!
11,Cool,Y,May,5/23/2022,NA,NA,0.343236111,0.363302083,0.276265625,0.390159722,0.356354167,0.347635417,0.228864583,0.392850694,11.1693125,70.67447917,NA,NA,0.000141947,0.000157502,7.25E-05,8.42E-05,0.000242068,0.000166965,9.81E-05,0.000245866,0.417685148,1.957334536,#VALUE!,#VALUE!,#VALUE!,#VALUE!,0.000242068,0.000166965,9.81E-05,0.000245866,0.330118055,0.378968749,0.323666667,0.38746875,#VALUE!
12,Cool,Y,May,5/24/2022,NA,NA,0.342586806,0.363864583,0.275119792,0.394614583,0.355190972,0.34575,0.228572917,0.393284722,8.940364583,81.06125,NA,NA,0.00071762,0.001098606,9.03E-05,0.001422206,0.00083718,0.001153085,0.000242766,0.001653235,0.387179881,1.83753482,#VALUE!,#VALUE!,#VALUE!,#VALUE!,0.00083718,0.001153085,0.000242766,0.001653235,0.32998264,0.381979166,0.321666667,0.395944444,#VALUE!
13,Cool,Y,May,5/25/2022,NA,NA,0.353184028,0.38246875,0.274197917,0.416440972,0.367111111,0.361010417,0.232395833,0.413829861,13.33636458,62.37739583,NA,NA,0.000285359,0.000129906,0.000194423,0.000187869,0.000399978,0.000239926,0.000297183,0.000188355,0.870006812,2.956883225,#VALUE!,#VALUE!,#VALUE!,#VALUE!,0.000399978,0.000239926,0.000297183,0.000188355,0.339256945,0.403927083,0.316000001,0.419052083,#VALUE!
14,Cool,Y,May,5/26/2022,NA,NA,0.348381944,0.378427083,0.276505208,0.4120625,0.362107639,0.35428125,0.234010417,0.406579861,18.16034375,54.44177083,NA,NA,0.000299324,0.000128029,0.000271599,0.000209794,0.000433673,0.000249431,0.000330302,0.000176276,1.016332015,2.891131191,#VALUE!,#VALUE!,#VALUE!,#VALUE!,0.000433673,0.000249431,0.000330302,0.000176276,0.334656249,0.402572916,0.318999999,0.417545139,#VALUE!
15,Cool,Y,May,5/27/2022,NA,NA,0.342423611,0.3714375,0.279328125,0.406586806,0.355923611,0.345635417,0.235083333,0.397461806,19.75129167,53.77385417,NA,NA,0.000286492,0.000261496,0.000213424,0.000249597,0.000277594,0.000266606,0.000225276,0.000409392,1.011105921,2.776757754,#VALUE!,#VALUE!,#VALUE!,#VALUE!,0.000277594,0.000266606,0.000225276,0.000409392,0.328923611,0.397239583,0.323572917,0.415711806,#VALUE!
16,Cool,Y,May,5/28/2022,NA,NA,0.333940972,0.362552083,0.28003125,0.398336806,0.34803125,0.335708333,0.234317708,0.381347222,18.186875,53.5740625,NA,NA,0.000275546,0.000262774,0.000150075,0.000241951,0.000215623,0.000238285,0.000160884,0.000298792,0.843002892,2.595257139,#VALUE!,#VALUE!,#VALUE!,#VALUE!,0.000215623,0.000238285,0.000160884,0.000298792,0.319850694,0.389395833,0.325744792,0.41532639,#VALUE!
17,Cool,Y,May,5/29/2022,NA,NA,0.326777778,0.354895833,0.279234375,0.394954861,0.339784722,0.326791667,0.233348958,0.37625,14.56911458,65.65625,NA,NA,0.000223589,0.000286188,9.42E-05,0.000771012,0.000196086,0.000260699,0.000122814,0.001280153,0.508420461,2.086258451,#VALUE!,#VALUE!,#VALUE!,#VALUE!,0.000196086,0.000260699,0.000122814,0.001280153,0.313770834,0.382999999,0.325119792,0.413659722,#VALUE!
18,Cool,Y,May,5/30/2022,NA,NA,0.327100359,0.352806452,0.276752688,0.403827957,0.339458781,0.328548387,0.232166667,0.392207885,12.6432043,56.70322581,NA,NA,0.000183524,0.000431155,0.000117094,0.000305891,0.000247207,0.00016923,9.89E-05,0.000317118,0.528164467,2.6237624,#VALUE!,#VALUE!,#VALUE!,#VALUE!,0.000247207,0.00016923,9.89E-05,0.000317118,0.314741937,0.377064517,0.321338709,0.415448029,#VALUE!
19,Cool,Y,May,5/31/2022,NA,NA,0.324288194,0.343590278,0.283166667,0.40325,0.333170139,0.355638889,0.239803819,0.392072917,8.656666667,78.11875,NA,NA,0.0010574,0.001226251,0.001087416,0.001675416,0.001257957,0.004102128,0.001259332,0.00225195,0.560827665,1.893965876,#VALUE!,#VALUE!,#VALUE!,#VALUE!,0.001257957,0.004102128,0.001259332,0.00225195,0.315406249,0.331541667,0.326529515,0.414427083,#VALUE!
20,Cool,Y,June,6/1/2022,NA,NA,0.388434028,0.360944444,0.293527778,0.444010417,0.405364583,0.429152778,0.251375,0.427427083,10.25025,80.33364583,NA,NA,0.000547836,0.000138801,6.62E-05,0.000121761,0.00069044,0.000181632,0.000120332,0.000251589,0.4452959,1.757684264,#VALUE!,#VALUE!,#VALUE!,#VALUE!,0.00069044,0.000181632,0.000120332,0.000251589,0.371503473,0.29273611,0.335680556,0.460593751,#VALUE!
21,Cool,Y,June,6/2/2022,NA,NA,0.384506944,0.354711805,0.293409722,0.437809028,0.402729167,0.422010417,0.251815972,0.417954861,14.40598958,73.2965625,NA,NA,0.000392826,0.000114561,0.000208113,0.00025275,0.000408794,0.000140354,0.000287528,0.000240847,0.783340216,2.230817935,#VALUE!,#VALUE!,#VALUE!,#VALUE!,0.000408794,0.000140354,0.000287528,0.000240847,0.366284721,0.287413193,0.335003472,0.457663195,#VALUE!
22,Cool,Y,June,6/3/2022,NA,NA,0.380920139,0.350038194,0.296388889,0.433107639,0.399118056,0.417090278,0.254979167,0.413645833,16.87744792,71.77479167,NA,NA,0.000247342,0.000169412,0.000169613,0.000173788,0.000318454,0.000176361,0.000226035,0.000176315,0.682180044,2.195053165,#VALUE!,#VALUE!,#VALUE!,#VALUE!,0.000318454,0.000176361,0.000226035,0.000176315,0.362722222,0.28298611,0.337798611,0.452569445,#VALUE!
23,Cool,Y,June,6/4/2022,NA,NA,0.374625,0.3421875,0.297541667,0.425930556,0.391951389,0.407163194,0.255847222,0.408125,18.225875,64.195,NA,NA,0.000334218,0.000262588,0.000172362,0.000272654,0.000342846,0.000236115,0.000228613,0.00021066,0.885422948,2.853867259,#VALUE!,#VALUE!,#VALUE!,#VALUE!,0.000342846,0.000236115,0.000228613,0.00021066,0.357298611,0.277211806,0.339236112,0.443736112,#VALUE!
24,Cool,Y,June,6/5/2022,NA,NA,0.367493056,0.33528125,0.298993056,0.420822917,0.384899306,0.397201389,0.257614583,0.404631944,19.663125,64.05770833,NA,NA,0.000368238,0.000253596,0.000209309,0.00069767,0.000335015,0.000298733,0.000321664,0.000952547,0.729364935,2.652621826,#VALUE!,#VALUE!,#VALUE!,#VALUE!,0.000335015,0.000298733,0.000321664,0.000952547,0.350086806,0.273361111,0.340371529,0.43701389,#VALUE!
25,Cool,Y,June,6/6/2022,NA,NA,0.364642361,0.333614583,0.300934028,0.427065972,0.382774306,0.40115625,0.260666667,0.416152778,18.03416667,69.995625,NA,NA,0.000259105,0.000185246,0.000106744,0.00029657,0.000286918,0.000190154,0.000164459,0.000237346,0.665535757,2.36109488,#VALUE!,#VALUE!,#VALUE!,#VALUE!,0.000286918,0.000190154,0.000164459,0.000237346,0.346510416,0.266072916,0.341201389,0.437979166,#VALUE!
26,Cool,Y,June,6/7/2022,0.365,0.3683,0.356760417,0.327864583,0.300357639,0.41825,0.373371528,0.391597222,0.259663194,0.406673611,19.2925,63.49447917,0.000253185,0.000389279,0.000334745,0.000170324,0.000154863,0.000261434,0.000233253,0.000189124,0.000188645,0.00036129,0.628561851,1.947524046,0.005071528,0.023297222,-0.108636806,0.038373611,0.000233253,0.000189124,0.000188645,0.00036129,0.340149306,0.264131944,0.341052084,0.429826389,0.3617
27,Cool,Y,June,6/8/2022,0.351916667,0.3538125,0.346777778,0.323097222,0.300861111,0.409229167,0.361315972,0.380541667,0.259944444,0.389118056,19.23510417,55.33375,0.000458991,0.00038369,0.000422118,0.000127763,0.000142867,0.00033763,0.000375653,0.000331105,0.00015924,0.000441179,0.611336471,2.123944904,0.007503472,0.026729167,-0.093868056,0.035305556,0.000375653,0.000331105,0.00015924,0.000441179,0.332239584,0.265652777,0.341777778,0.429340278,0.350020834
28,Cool,Y,June,6/9/2022,0.337479167,0.337729167,0.335826389,0.317347222,0.300506945,0.399027778,0.347965278,0.367913194,0.25884375,0.372770833,20.13864583,60.03427083,0.000332778,0.000325617,0.00030477,0.000174237,0.000143149,0.000312221,0.000329528,0.000245785,0.000172836,0.000335712,0.913995885,2.647894272,0.010236111,0.030184028,-0.078885417,0.035041667,0.000329528,0.000245785,0.000172836,0.000335712,0.3236875,0.26678125,0.34217014,0.425284723,0.337229167
29,Cool,Y,June,6/10/2022,0.326114583,0.326260417,0.327541667,0.31140625,0.300861111,0.389399306,0.337260417,0.357840278,0.259604167,0.359652778,22.33510417,59.2946875,0.000289763,0.000290283,0.000313218,0.000182521,0.000190392,0.00033064,0.000358148,0.000245623,0.000232492,0.000357355,0.900220952,2.524467518,0.011,0.031579861,-0.06665625,0.033392361,0.000358148,0.000245623,0.000232492,0.000357355,0.317822917,0.264972222,0.342118055,0.419145834,0.325968749
30,Cool,Y,June,6/11/2022,0.317114583,0.317145833,0.320256944,0.305034722,0.302125,0.380121528,0.325486111,0.346895833,0.260961806,0.346427083,24.65104167,54.73260417,0.000316529,0.000312383,0.000418053,0.000218285,0.000218104,0.000399168,0.000403322,0.000276664,0.000260915,0.000381457,1.117508335,2.8225038,0.008340278,0.02975,-0.056184028,0.02928125,0.000403322,0.000276664,0.000260915,0.000381457,0.315027777,0.263173611,0.343288194,0.413815973,0.317083333
31,Cool,Y,June,6/12/2022,0.308854167,0.308666667,0.313024306,0.299055556,0.303142361,0.370975694,0.313145833,0.336663194,0.261680556,0.332701389,21.2696875,68.48385417,0.000285996,0.000280846,0.000282758,0.000198045,0.000163026,0.000318196,0.000343479,0.000251142,0.000192824,0.000351877,0.98369271,2.656874369,0.004479167,0.027996528,-0.046986111,0.024034722,0.000343479,0.000251142,0.000192824,0.000351877,0.312902779,0.261447918,0.344604166,0.409249999,0.309041667
32,Cool,Y,June,6/13/2022,0.303010417,0.29984375,0.305996528,0.291604167,0.301715278,0.360590278,0.302145833,0.32625,0.260159722,0.3195,22.72075,54.77208333,0.000411324,0.000307554,0.000349934,0.000236595,0.000204957,0.000412035,0.000303119,0.000201481,0.000222185,0.000361897,1.159107254,3.205985421,0.002302083,0.02640625,-0.039684028,0.01965625,0.000303119,0.000201481,0.000222185,0.000361897,0.309847223,0.256958334,0.343270834,0.401680556,0.306177084
33,Cool,Y,June,6/14/2022,0.300322917,0.293197917,0.301746528,0.285197917,0.300670139,0.352024306,0.294277778,0.317545139,0.258784722,0.308069444,18.0901875,59.29208333,0.000365597,0.000337242,0.000282392,0.000194502,0.000176086,0.000287077,0.000295831,0.000213296,0.000167758,0.000266964,0.802148496,2.182947468,0.001079861,0.024347222,-0.034413194,0.014871528,0.000295831,0.000213296,0.000167758,0.000266964,0.309215278,0.252850695,0.342555556,0.395979168,0.307447917
34,Cool,Y,June,6/15/2022,0.295854167,0.287666667,0.296645833,0.278590278,0.297760417,0.344038194,0.286274306,0.309559028,0.256170139,0.298902778,19.2751875,52.603125,0.000391516,0.000395885,0.000327128,0.000188709,0.000199945,0.000292027,0.000338339,0.000177601,0.000201964,0.000224744,1.137245607,3.449193979,-0.001392361,0.021892361,-0.031496528,0.011236111,0.000338339,0.000177601,0.000201964,0.000224744,0.30701736,0.247621528,0.339350695,0.38917361,0.304041667
35,Cool,Y,June,6/16/2022,0.2935625,0.284083333,0.292326389,0.273986111,0.297302083,0.337767361,0.2813125,0.305135417,0.25571875,0.29115625,21.81402083,58.99072917,0.000459026,0.00046256,0.00031414,0.000138735,0.000220428,0.000244885,0.000354717,0.000211659,0.000242948,0.000271626,1.102168198,2.541375203,-0.002770833,0.021052083,-0.028364583,0.007072917,0.000354717,0.000211659,0.000242948,0.000271626,0.303340278,0.242836805,0.338885416,0.384378472,0.303041667
36,Cool,Y,June,6/17/2022,0.29571875,0.285666667,0.292326389,0.272996528,0.30009375,0.336590278,0.281930556,0.305861111,0.258288194,0.289746528,22.340625,70.9321875,0.000316125,0.000322635,0.000215674,8.21E-05,0.000120175,0.000128577,0.000264995,0.000145403,0.000146567,0.000123381,0.742230839,2.286409011,-0.003736111,0.020194444,-0.027378472,0.004079861,0.000264995,0.000145403,0.000146567,0.000123381,0.302722222,0.240131945,0.341899306,0.383434028,0.305770833
37,Cool,Y,June,6/18/2022,0.294260417,0.282989583,0.291121528,0.2700625,0.299190972,0.333489583,0.279246528,0.302857639,0.256923611,0.286760417,22.37822917,64.08739583,0.000312827,0.000305826,0.0002247,0.000109637,0.000115211,0.000169058,0.000294659,0.000132981,0.000134324,0.000139767,0.745915001,2.567661538,-0.003743056,0.019868056,-0.026065972,0.003770833,0.000294659,0.000132981,0.000134324,0.000139767,0.302996528,0.237267361,0.341458333,0.380218749,0.305531251
38,Cool,Y,June,6/19/2022,0.293802083,0.282604167,0.290961805,0.268048611,0.299805556,0.331777778,0.278513889,0.302069444,0.257878472,0.284177083,23.30552083,60.82145833,0.000211832,0.000219389,0.000155148,8.49E-05,0.000106635,0.000119256,0.000192761,8.76E-05,0.000123121,0.000136615,0.548795888,1.862162962,-0.004090278,0.019465278,-0.024725694,0.001572917,0.000192761,8.76E-05,0.000123121,0.000136615,0.303409721,0.234027778,0.34173264,0.379378473,0.304999999
39,Cool,Y,June,6/20/2022,0.291333333,0.280197917,0.288763889,0.263871528,0.29853125,0.328413194,0.275256944,0.297552083,0.256208333,0.279774306,21.22260417,57.12229167,0.000331023,0.000349693,0.000239747,0.000189475,0.000161964,0.000181688,0.000301615,0.000156318,0.000146453,0.000162108,0.944084099,3.034813549,-0.004940972,0.017354167,-0.023989583,-0.000423611,0.000301615,0.000156318,0.000146453,0.000162108,0.302270834,0.230190973,0.340854167,0.377052082,0.302468749
40,Cool,Y,June,6/21/2022,0.288739583,0.2756875,0.285454861,0.258597222,0.296184028,0.323788194,0.270607639,0.291333333,0.253579861,0.275961806,18.99154167,53.28135417,0.000265008,0.000325223,0.000245034,0.000128239,0.000155305,0.000199666,0.000289476,0.000186274,0.000177378,0.00017625,0.934920271,2.53031709,-0.005079861,0.015645833,-0.022107639,0.000274306,0.000289476,0.000186274,0.000177378,0.00017625,0.300302083,0.225861111,0.338788195,0.371614582,0.301791666
41,Cool,Y,June,6/22/2022,0.28559375,0.271052083,0.281996528,0.255975694,0.294545139,0.320006944,0.265854167,0.28946875,0.251913194,0.270434028,16.99229167,73.05927083,0.000285074,0.000269164,0.000190637,0.000129123,0.00016019,0.000161693,0.000228608,0.000253464,0.000193098,0.000223395,0.938390265,2.35143466,-0.005197917,0.018416667,-0.019138889,-0.000618056,0.000228608,0.000253464,0.000193098,0.000223395,0.298138889,0.222482638,0.337177084,0.36957986,0.300135417
42,Cool,Y,June,6/23/2022,0.284229167,0.270197917,0.2799375,0.255607639,0.2943125,0.31784375,0.26428125,0.290177083,0.251628472,0.268944445,21.1478125,59.55739583,0.000406763,0.000445893,0.000259109,0.000142297,0.000172402,0.000189962,0.000389442,0.000339237,0.000211042,0.000297105,1.105518664,3.138059369,-0.005916667,0.019979167,-0.018569444,-0.001253472,0.000389442,0.000339237,0.000211042,0.000297105,0.29559375,0.221038195,0.336996528,0.366743055,0.298260417
43,Cool,Y,June,6/24/2022,0.28478125,0.273729167,0.281677083,0.262298611,0.295027778,0.319489583,0.266996528,0.292368055,0.252017361,0.274586806,19.0290625,74.2453125,0.000259978,0.000707646,0.000232761,0.00126636,0.000152997,0.000270096,0.000460594,0.000357613,0.000169807,0.001033583,0.886632478,2.610096535,-0.006732639,0.018638889,-0.021711806,0.000857639,0.000460594,0.000357613,0.000169807,0.001033583,0.296357638,0.232229167,0.338038195,0.36439236,0.295833333
44,Cool,Y,June,6/25/2022,0.283479167,0.276552083,0.281427083,0.279020833,0.294229167,0.320982639,0.268083333,0.295642361,0.250836806,0.286454861,16.79290625,76.96729167,0.000246012,0.000213508,0.000150106,0.000161756,0.000105098,0.000112712,0.000200085,8.40E-05,0.000106215,0.000186151,0.558708426,1.900362999,-0.00846875,0.019090278,-0.025715278,0.009902778,0.000200085,8.40E-05,0.000106215,0.000186151,0.294770833,0.262399305,0.337621528,0.355510417,0.290406251
45,Cool,Y,June,6/26/2022,0.283354167,0.274614583,0.281097222,0.273888889,0.292892361,0.319920139,0.267034722,0.293548611,0.24953125,0.28184375,16.20791667,75.05458333,0.000134897,0.000133582,8.53E-05,0.000122182,9.19E-05,8.26E-05,0.000106614,0.000180829,0.000107648,0.000130876,0.316850209,1.465048169,-0.007579861,0.018934028,-0.025083333,0.007229167,0.000106614,0.000180829,0.000107648,0.000130876,0.295159722,0.254229167,0.336253472,0.357996528,0.292093751
46,Cool,Y,June,6/27/2022,0.283354167,0.272375,0.278909722,0.270152778,0.291940972,0.316822917,0.264732639,0.292229167,0.248559028,0.278340278,19.36345833,65.99791667,0.000448188,0.000455774,0.000262015,0.000127668,0.000163045,0.00016913,0.000414104,0.000272939,0.000207116,0.000275811,0.963983182,2.87665176,-0.007642361,0.019854167,-0.023815972,0.005965278,0.000414104,0.000272939,0.000207116,0.000275811,0.293086805,0.248076389,0.335322916,0.355305556,0.294333334
47,Cool,Y,June,6/28/2022,0.285791667,0.27246875,0.279538194,0.267079861,0.293125,0.316322917,0.265166667,0.292135417,0.249690972,0.276333333,20.49498958,66.81791667,0.000384433,0.000456424,0.000268713,0.000138104,0.000209906,0.000197909,0.000386606,0.000228489,0.000228524,0.000267697,1.114543645,2.978661553,-0.007302083,0.019666667,-0.022777778,0.003864583,0.000386606,0.000228489,0.000228524,0.000267697,0.293909721,0.242024305,0.336559028,0.356312501,0.299114584
48,Cool,Y,June,6/29/2022,0.28715625,0.273114583,0.280298611,0.264190972,0.295090278,0.317513889,0.265538194,0.292861111,0.251086806,0.277579861,22.79520833,62.55802083,0.000292572,0.0003334,0.000205046,0.000127174,0.000160293,0.000180285,0.000283538,0.000102082,0.000159819,0.000683527,0.991771143,2.86021095,-0.007576389,0.019746528,-0.022027778,0.004465278,0.000283538,0.000102082,0.000159819,0.000683527,0.295059028,0.235520833,0.33909375,0.357447917,0.301197917
49,Cool,Y,June,6/30/2022,0.286875,0.273520833,0.281243056,0.261798611,0.295333333,0.319163194,0.266440972,0.292604167,0.251180556,0.289392361,20.02854167,73.873125,0.000144527,0.000128229,7.61E-05,8.88E-05,0.000100559,6.17E-05,0.000102061,0.000210721,0.00010632,0.000125559,0.512280205,2.088020475,-0.007079861,0.019083333,-0.022340278,0.015871528,0.000102061,0.000210721,0.00010632,0.000125559,0.29604514,0.230993055,0.33948611,0.348934027,0.300229167
50,Warm,Y,July,7/1/2022,0.28678125,0.27253125,0.279927083,0.260520833,0.294579861,0.317628472,0.264920139,0.292333333,0.250579861,0.286979167,20.96791667,69.848125,0.000422815,0.000473637,0.000255362,0.000122794,0.000149825,0.000168619,0.000387856,0.000257064,0.000181788,0.000178785,0.791596833,2.20288311,-0.007611111,0.019802083,-0.021951389,0.014447917,0.000387856,0.000257064,0.000181788,0.000178785,0.294934027,0.228708333,0.338579861,0.348277777,0.30103125
51,Warm,Y,July,7/2/2022,0.28865625,0.27459375,0.281184028,0.25996875,0.295263889,0.318243056,0.266204861,0.292857639,0.251059028,0.283871528,20.79770833,70.316875,0.000381832,0.000459447,0.00027341,0.000124397,0.000161914,0.000179035,0.000399633,0.00023785,0.000173893,0.000166035,0.881037137,2.528506564,-0.008388889,0.018263889,-0.023534722,0.009277778,0.000399633,0.00023785,0.000173893,0.000166035,0.296163195,0.227079861,0.33946875,0.352614584,0.30271875
52,Warm,Y,July,7/3/2022,0.29034375,0.276041667,0.282416667,0.260579861,0.29584375,0.319079861,0.266989583,0.292197917,0.251277778,0.282256944,21.19020833,71.84333333,0.000325397,0.000376071,0.000238222,0.00032272,0.000147093,0.000147158,0.00032678,0.00022613,0.000167517,0.000234275,0.769298168,2.227835891,-0.009052083,0.01615625,-0.024763889,0.006215278,0.00032678,0.00022613,0.000167517,0.000234275,0.297843751,0.228961805,0.340409722,0.355902778,0.304645833
53,Warm,Y,July,7/4/2022,0.289708333,0.2750625,0.281888889,0.262472222,0.295909722,0.318694444,0.266006944,0.291395833,0.251170139,0.280371528,22.69239583,64.91166667,0.0003425,0.00040088,0.000236459,0.000101123,0.000163827,0.000148962,0.000331904,0.000162019,0.00017121,0.000198978,0.867696003,2.513968815,-0.009055556,0.016333333,-0.023892361,0.005309028,0.000331904,0.000162019,0.00017121,0.000198978,0.297770834,0.233548611,0.340649305,0.35701736,0.304354166
54,Warm,Y,July,7/5/2022,0.289552083,0.274614583,0.282059028,0.26265625,0.296690972,0.3191875,0.265805556,0.294333333,0.251576389,0.278868056,21.55291667,71.04166667,0.000245963,0.00026753,0.000149316,0.000252254,0.000123529,0.000120288,0.000204104,0.000326016,0.000138785,0.000179171,0.762610129,2.176728128,-0.008809028,0.01971875,-0.023038194,0.004253472,0.000204104,0.000326016,0.000138785,0.000179171,0.2983125,0.230979167,0.341805555,0.359506944,0.304489583
55,Warm,Y,July,7/6/2022,0.28975,0.27853125,0.283298611,0.269236111,0.29696875,0.321135417,0.267951389,0.297947917,0.251680556,0.289375,21.0365625,80.7825,0.000337366,0.000467344,0.00025808,0.000898991,0.000108942,0.000281261,0.000391584,0.000484137,0.000139261,0.001943715,0.524069975,1.754048275,-0.010579861,0.019416667,-0.026850694,0.01084375,0.000391584,0.000484137,0.000139261,0.001943715,0.298645833,0.240524305,0.342256944,0.352895834,0.30096875
56,Warm,Y,July,7/7/2022,0.294979167,0.287364583,0.289993056,0.285677083,0.296909722,0.331309028,0.275625,0.303642361,0.251590278,0.336538194,20.93427083,78.55822917,0.000796095,0.001224756,0.000911589,0.000773171,0.000175877,0.001054939,0.001209895,0.000529543,0.000206762,0.00239559,0.772256061,2.361796451,-0.011739583,0.016277778,-0.035774306,0.049173611,0.001209895,0.000529543,0.000206762,0.00239559,0.304361112,0.267711805,0.342229166,0.326079862,0.302593751
57,Warm,Y,July,7/8/2022,0.300375,0.2933125,0.296572917,0.292256944,0.297572917,0.342385417,0.283854167,0.306802083,0.252190972,0.354319444,23.50635417,64.6065625,0.000323173,0.000399921,0.000223373,0.000155979,0.000183087,0.000142068,0.000288963,0.000207884,0.000205833,0.000301471,0.907706082,2.848958608,-0.009458333,0.013489583,-0.041121528,0.061006944,0.000288963,0.000207884,0.000205833,0.000301471,0.309291667,0.277711805,0.342954862,0.33045139,0.3074375
58,Warm,Y,July,7/9/2022,0.299364583,0.2893125,0.292545139,0.287847222,0.298381944,0.339642361,0.280121528,0.304614583,0.2529375,0.340524306,25.975,52.440625,0.000359434,0.000381396,0.000274577,0.000182168,0.000195775,0.00020378,0.000310753,0.000180988,0.000207458,0.000352647,0.994537239,3.007825382,-0.009190972,0.015302083,-0.036375,0.051211806,0.000310753,0.000180988,0.000207458,0.000352647,0.30496875,0.271079861,0.343826388,0.338760416,0.309416666
59,Warm,Y,July,7/10/2022,0.29765625,0.286041667,0.291708333,0.282385417,0.298645833,0.339291667,0.277680556,0.301961806,0.252520833,0.332902778,24.52583333,55.02979167,0.000269351,0.000297252,0.00022132,0.000193607,0.000153803,0.00053328,0.000280538,0.000151573,0.000159098,0.001049203,0.919925444,2.587121618,-0.008361111,0.015920139,-0.033520833,0.046861111,0.000280538,0.000151573,0.000159098,0.001049203,0.30573611,0.262809028,0.344770833,0.345680556,0.309270833
60,Warm,Y,July,7/11/2022,0.29596875,0.283677083,0.2904375,0.295013889,0.288506944,0.345135417,0.275659722,0.279895833,0.240138889,0.339975694,19.71479167,72.11583333,0.000271227,0.000276053,0.000180042,0.001661483,0.000959311,0.000147888,0.000220809,0.002016576,0.001141085,0.000324001,0.503136783,1.701120056,-0.008017361,-0.00378125,-0.043538194,0.056298611,0.000220809,0.002016576,0.001141085,0.000324001,0.305215278,0.310131945,0.336874999,0.35029514,0.308260417
61,Warm,Y,July,7/12/2022,0.295541667,0.28228125,0.288510417,0.291211806,0.288114583,0.341722222,0.273600694,0.280013889,0.240022569,0.33040625,22.37114583,61.93854167,0.000295402,0.000377173,0.000231001,0.001546242,0.000994975,0.000161066,0.00033145,0.002252056,0.001270621,0.000237515,0.790421535,2.615179495,-0.008680556,-0.002267361,-0.042258681,0.048125,0.00033145,0.002252056,0.001270621,0.000237515,0.30342014,0.302409723,0.336206597,0.353038194,0.308802084
62,Warm,Y,July,7/13/2022,0.295291667,0.280677083,0.28734375,0.274711806,0.296326389,0.338277778,0.272277778,0.298152778,0.250236111,0.322381944,24.0128125,55.23770833,0.000394289,0.00040134,0.000243205,0.000124548,0.000202565,0.000183948,0.000330458,0.000238013,0.000222017,0.000178456,0.939099626,2.766462965,-0.008399306,0.017475694,-0.030440972,0.041704861,0.000330458,0.000238013,0.000222017,0.000178456,0.302409722,0.251270834,0.342416667,0.354173612,0.309906251
63,Warm,Y,July,7/14/2022,0.296864583,0.281822917,0.28828125,0.272131944,0.297402778,0.336173611,0.273486111,0.298854167,0.251315972,0.315625,25.9834375,49.58958333,0.000325664,0.000389555,0.00026145,0.0001155,0.000151818,0.000164606,0.00035909,0.000205303,0.000169664,0.000213874,0.736656488,1.896275539,-0.008336806,0.01703125,-0.030506944,0.033802083,0.00035909,0.000205303,0.000169664,0.000213874,0.303076389,0.245409721,0.343489584,0.356722222,0.311906249
64,Warm,Y,July,7/15/2022,0.297770833,0.282291667,0.289486111,0.270256944,0.298638889,0.335239583,0.2739375,0.299427083,0.252368056,0.310618056,25.83729167,55.85510417,0.000229167,0.0002825,0.000176736,9.44E-05,0.000158473,0.000118439,0.000218387,0.000158783,0.00016924,0.000114918,0.592182617,1.7357722,-0.008354167,0.017135417,-0.029923611,0.028326389,0.000218387,0.000158783,0.00016924,0.000114918,0.305034722,0.241086805,0.344909722,0.35986111,0.313249999
65,Warm,Y,July,7/16/2022,0.2975625,0.282135417,0.289173611,0.268434028,0.299333333,0.333899306,0.273288194,0.299295139,0.252756944,0.307100694,24.73739583,62.56322917,0.000279729,0.000346859,0.00019054,9.65E-05,0.000163493,0.000125958,0.000258181,0.00016311,0.000165896,0.000143331,0.626706849,2.203180608,-0.008847222,0.017159722,-0.029378472,0.024965278,0.000258181,0.00016311,0.000165896,0.000143331,0.305059028,0.237572917,0.345909722,0.360697918,0.312989583
66,Warm,Y,July,7/17/2022,0.296635417,0.28121875,0.288194444,0.265940972,0.299013889,0.331631944,0.272065972,0.297805556,0.252236111,0.30178125,26.38489583,52.34729167,0.000368175,0.0004548,0.000256716,0.000121214,0.000218476,0.000189289,0.00035908,0.000217624,0.000218811,0.000140299,0.82077345,2.509456228,-0.009152778,0.016586806,-0.028982639,0.0205625,0.00035908,0.000217624,0.000218811,0.000140299,0.304322916,0.234076388,0.345791667,0.361482638,0.312052084
67,Warm,Y,July,7/18/2022,0.297947917,0.282385417,0.289048611,0.264732639,0.299958333,0.331107639,0.272902778,0.297965278,0.252767361,0.303927083,26.50739583,52.29427083,0.000365559,0.000447304,0.000278055,0.000162118,0.000185175,0.000181872,0.000399406,0.000264468,0.000180974,0.001245305,0.82176235,2.351362389,-0.009482639,0.015579861,-0.029618056,0.021541667,0.000399406,0.000264468,0.000180974,0.001245305,0.305194444,0.2315,0.347149305,0.358288195,0.313510417
68,Warm,Y,July,7/19/2022,0.297010417,0.28315625,0.289413194,0.263899306,0.300392361,0.330767361,0.273385417,0.298041667,0.252958333,0.315381944,27.43479167,48.08166667,0.000297465,0.000391334,0.000246947,0.000117138,0.000221251,0.000201971,0.000331439,0.000204795,0.000210254,0.000199474,0.777414137,1.917411625,-0.009770833,0.014885417,-0.030197917,0.032225694,0.000331439,0.000204795,0.000210254,0.000199474,0.305440971,0.229756945,0.347826389,0.346152778,0.310864584
69,Warm,Y,July,7/20/2022,0.296854167,0.282520833,0.289180556,0.262239583,0.300572917,0.330368056,0.272708333,0.296916667,0.25271875,0.308631945,25.2315625,49.73354167,0.00031483,0.000307073,0.000218699,0.000118952,0.000165986,0.000158459,0.000281723,0.000173191,0.000178548,0.0002957,0.614777886,1.642286676,-0.0098125,0.014395833,-0.029802083,0.026111111,0.000281723,0.000173191,0.000178548,0.0002957,0.305652779,0.227562499,0.348427084,0.352104167,0.311187501
70,Warm,Y,July,7/21/2022,0.2949375,0.279239583,0.287475695,0.261420139,0.299305556,0.328184028,0.270190972,0.294631944,0.2513125,0.300454861,23.84291667,58.30833333,0.000304503,0.00034879,0.000225492,0.000269749,0.000202185,0.000170559,0.000293934,0.000216322,0.000199708,0.000221533,0.872523009,2.64025301,-0.009048611,0.015392361,-0.027927083,0.021215278,0.000293934,0.000216322,0.000199708,0.000221533,0.304760418,0.228208334,0.347298612,0.355913195,0.310635417
71,Warm,Y,July,7/22/2022,0.294135417,0.27865625,0.286135417,0.262232639,0.298173611,0.326399306,0.269111111,0.293395833,0.248842014,0.297204861,25.67333333,45.063125,0.000417706,0.000400063,0.000268496,0.000118995,0.000205906,0.000194065,0.000362559,0.000227137,0.000486391,0.000209739,0.862578215,2.092964197,-0.009545139,0.014739583,-0.029814236,0.018548611,0.000362559,0.000227137,0.000486391,0.000209739,0.303159723,0.231069445,0.347505208,0.355593751,0.309614584
72,Warm,Y,July,7/23/2022,0.299020833,0.287052083,0.293270833,0.272083333,0.298611111,0.334583333,0.274552083,0.298055556,0.250972222,0.322128472,23.07541667,66.254375,0.000875467,0.001576024,0.001388412,0.001773979,0.000213156,0.001547958,0.001071253,0.001100058,0.000308018,0.00442079,0.797463989,2.668573116,-0.0125,0.011003472,-0.036079861,0.035076389,0.001071253,0.001100058,0.000308018,0.00442079,0.311989583,0.24611111,0.34625,0.347038194,0.310989583
73,Warm,Y,July,7/24/2022,0.31828125,0.319114583,0.322788194,0.304961806,0.29884375,0.3879375,0.298927083,0.345079861,0.253482639,0.398145833,19.57479167,85.90114583,0.000902324,0.001011108,0.00066771,0.001191004,0.000116808,0.002482273,0.000898507,0.001558013,0.000102225,0.001161704,0.404463473,1.578886231,-0.0201875,0.025965278,-0.065631944,0.07903125,0.000898507,0.001558013,0.000102225,0.001161704,0.346649305,0.264843751,0.344204861,0.377729167,0.317447917
74,Warm,Y,July,7/25/2022,0.325125,0.325364583,0.323784722,0.314927083,0.298006945,0.415680556,0.308631944,0.360336806,0.252013889,0.397229167,24.12895833,66.170625,0.000254456,0.0002544,0.000296379,0.000147692,0.000135902,0.000148983,0.000280606,4.92E-05,0.000117428,0.00024559,0.702618965,2.626544186,-0.016732639,0.034972222,-0.073350694,0.071864583,0.000280606,4.92E-05,0.000117428,0.00024559,0.3389375,0.26951736,0.344000001,0.434131945,0.324885417
75,Warm,Y,July,7/26/2022,0.319852632,0.319936842,0.316652632,0.312438597,0.299287719,0.412315789,0.305361403,0.357133333,0.252726316,0.397245614,22.44336842,70.83,0.000450201,0.000444655,0.000314389,0.000402161,0.00022896,0.000360221,0.000493347,0.000379433,0.000219775,0.000910957,0.646351369,2.091050026,-0.014575439,0.037196491,-0.067210526,0.077308772,0.000493347,0.000379433,0.000219775,0.000910957,0.327943861,0.267743861,0.345849122,0.427385964,0.319768422
76,Warm,Y,July,7/27/2022,0.318083333,0.317166667,0.313809028,0.315628472,0.300086806,0.412395833,0.304243056,0.353434028,0.253277778,0.399322917,22.62333333,73.8740625,0.000274128,0.000279672,0.000204645,0.000116903,0.000193161,0.000222805,0.000255566,0.00017467,0.000183085,0.000240332,0.633610402,2.022469567,-0.012923611,0.036267361,-0.063888889,0.08215625,0.000255566,0.00017467,0.000183085,0.000240332,0.323375,0.277822916,0.346895834,0.425468749,0.318999999
77,Warm,Y,July,7/28/2022,0.328854167,0.329135417,0.335371528,0.356958333,0.300954861,0.435947917,0.32340625,0.393375,0.254277778,0.423135417,20.47791667,77.9021875,0.000932359,0.001037205,0.001509553,0.00279709,0.000109893,0.001655491,0.001412103,0.002854971,0.000317177,0.001728887,0.274341153,1.003811991,-0.005729167,0.064239583,-0.074857639,0.094,0.001412103,0.002854971,0.000317177,0.001728887,0.347336806,0.320541666,0.347631944,0.448760417,0.328572917
78,Warm,Y,July,7/29/2022,0.32671875,0.326739583,0.335260417,0.36453125,0.299045139,0.439065972,0.323253472,0.40121875,0.252489583,0.42378125,21.19854167,75.34104167,0.000211875,0.000217262,0.000271143,0.00032671,0.000147065,0.000247237,0.000228604,0.000247789,0.000157415,0.000233669,0.580852878,2.057687978,-0.003486111,0.074479167,-0.07425,0.097041667,0.000228604,0.000247789,0.000157415,0.000233669,0.347267362,0.32784375,0.345600695,0.454350694,0.326697917
79,Warm,Y,July,7/30/2022,0.317635417,0.317635417,0.324611111,0.353854167,0.298326389,0.429086806,0.313305556,0.389326389,0.251881944,0.410954861,22.76552083,60.7775,0.000332165,0.00032751,0.000359556,0.000338261,0.000218201,0.000356034,0.000268863,0.000307951,0.000220368,0.000498233,0.89915906,2.99588288,-0.004329861,0.071690972,-0.065753472,0.093319444,0.000268863,0.000307951,0.000220368,0.000498233,0.335916666,0.318381945,0.344770834,0.447218751,0.317635417
80,Warm,Y,July,7/31/2022,0.31390625,0.30921875,0.316465278,0.34834375,0.299326389,0.420951389,0.304934028,0.378118055,0.252159722,0.391295139,22.5628125,62.98520833,0.00029022,0.000278311,0.00027129,0.000155507,0.000163715,0.000338375,0.000234127,0.000328361,0.000161543,0.000455791,0.743482761,2.338569068,-0.004284722,0.068899305,-0.057059028,0.082076389,0.000234127,0.000328361,0.000161543,0.000455791,0.327996528,0.318569445,0.346493056,0.450607639,0.31859375
81,Warm,Y,August,8/1/2022,0.309291667,0.302447917,0.311579861,0.343739583,0.299552083,0.412302083,0.298236111,0.367211806,0.251604167,0.377079861,23.44208333,59.829375,0.000320333,0.000241918,0.000192782,0.000246031,0.000183959,0.000343843,0.000197691,0.000281328,0.000187857,0.000393098,0.799378732,2.580883416,-0.004211806,0.064763889,-0.05084375,0.074631944,0.000197691,0.000281328,0.000187857,0.000393098,0.324923611,0.32026736,0.347499999,0.447524305,0.316135417
82,Warm,Y,August,8/2/2022,0.308416667,0.300104167,0.312274306,0.3385625,0.30103125,0.40434375,0.294732639,0.358177083,0.252548611,0.364322917,25.48135417,56.494375,0.000264354,0.000315005,0.000205314,0.000233902,0.00020377,0.000342151,0.000208647,0.000223113,0.000203764,0.000367093,0.708377,2.256159876,-0.005371528,0.058072917,-0.047555556,0.06421875,0.000208647,0.000223113,0.000203764,0.000367093,0.329815973,0.318947917,0.349513889,0.444364583,0.316729167
83,Warm,Y,August,8/3/2022,0.307875,0.29828125,0.313472222,0.334975694,0.302708333,0.399090278,0.292295139,0.352017361,0.253361111,0.354475694,23.20229167,68.11416667,0.000237055,0.00022297,0.000141237,0.000146203,0.000179902,0.000220561,0.000164745,0.000166474,0.000164878,0.000236051,0.610485112,2.352667517,-0.005986111,0.053736111,-0.044920139,0.056194444,0.000164745,0.000166474,0.000164878,0.000236051,0.334649305,0.317934027,0.352055555,0.443704862,0.31746875
84,Warm,Y,August,8/4/2022,0.309447917,0.29528125,0.311524306,0.329975694,0.30296875,0.392260417,0.288423611,0.344659722,0.25303125,0.34421875,24.6240625,61.21927083,0.000238264,0.000396449,0.000262167,0.000213074,0.000238736,0.000331398,0.00030467,0.000203286,0.000243086,0.000209475,0.899324803,2.843776011,-0.006857639,0.049378472,-0.04225,0.0489375,0.00030467,0.000203286,0.000243086,0.000209475,0.334625001,0.315291666,0.35290625,0.440302084,0.323614584
85,Warm,Y,August,8/5/2022,0.306052083,0.293041667,0.311013889,0.324947917,0.304236111,0.386267361,0.286253472,0.338267361,0.253600694,0.336479167,24.2646875,61.35802083,0.000224277,0.000277803,0.000211045,0.000214788,0.000189896,0.000252985,0.000240752,0.000183945,0.000180536,0.000223106,0.759108577,2.318132617,-0.006788194,0.045225694,-0.039440972,0.0434375,0.000240752,0.000183945,0.000180536,0.000223106,0.335774306,0.311628473,0.354871528,0.436055555,0.319062499
86,Warm,Y,August,8/6/2022,0.304416667,0.2928125,0.311315972,0.321277778,0.304611111,0.382347222,0.286,0.334496528,0.253753472,0.332114583,23.68635417,69.67385417,0.000213403,0.000454826,0.000258075,0.000181749,0.000157857,0.000185021,0.000365915,0.000171494,0.000161185,0.000244672,0.552024089,1.794035478,-0.0068125,0.041684028,-0.039059028,0.039302083,0.000365915,0.000171494,0.000161185,0.000244672,0.336631944,0.308059028,0.35546875,0.432579861,0.316020834
87,Warm,Y,August,8/7/2022,0.304510417,0.2953125,0.313225694,0.319847222,0.305006944,0.3834375,0.28778125,0.334548611,0.247767361,0.343690972,22.603125,76.3221875,0.000302038,0.00068318,0.000456635,0.000156403,0.000179613,0.000794218,0.000508596,0.000732013,0.000919084,0.002203562,0.571530039,2.021135701,-0.00753125,0.039236111,-0.047545139,0.048378472,0.000508596,0.000732013,0.000919084,0.002203562,0.338670138,0.305145833,0.362246527,0.423184028,0.313708334
88,Warm,Y,August,8/8/2022,0.3103125,0.308791667,0.322652778,0.318541667,0.304944445,0.397892361,0.2963125,0.357493056,0.25321875,0.379045139,22.615625,74.13072917,0.000396617,0.000285204,0.000185284,0.000135117,0.000219741,0.000197418,0.000295178,0.00011191,0.000311759,0.000232874,0.701790845,2.336333428,-0.012479167,0.048701389,-0.055572917,0.070253472,0.000295178,0.00011191,0.000311759,0.000232874,0.348993056,0.279590278,0.35667014,0.416739583,0.311833333
89,Warm,Y,August,8/9/2022,0.311072917,0.30246875,0.318940972,0.314586806,0.305489583,0.391892361,0.293579861,0.352565972,0.253989583,0.370746528,24.30770833,64.05291667,0.000312125,0.000329125,0.000234977,0.00018115,0.000227547,0.000279432,0.000271414,0.0001638,0.00021806,0.000221623,0.799990042,2.766610734,-0.008888889,0.050097222,-0.048479167,0.068277778,0.000271414,0.0001638,0.00021806,0.000221623,0.344302083,0.27660764,0.356989583,0.413038194,0.319677084
90,Warm,Y,August,8/10/2022,0.309822917,0.298125,0.314753472,0.309451389,0.305701389,0.384697917,0.290065972,0.34578125,0.25403125,0.3599375,24.64541667,59.290625,0.000346978,0.000355486,0.000250596,0.000204957,0.000230448,0.000266743,0.000300041,0.000182963,0.00022551,0.000224602,0.844685423,2.855980505,-0.008059028,0.04765625,-0.04409375,0.0618125,0.000300041,0.000182963,0.00022551,0.000224602,0.339440972,0.273121528,0.357371528,0.409458334,0.321520834
91,Warm,Y,August,8/11/2022,0.30915625,0.295333333,0.312715278,0.304881944,0.305996528,0.378944444,0.287770833,0.340097222,0.254083333,0.351715278,23.7015625,64.15364583,0.000361626,0.000378903,0.000240663,0.000182439,0.00022891,0.000247387,0.000321929,0.000182635,0.000222021,0.000209368,0.809271959,2.461675461,-0.0075625,0.044763889,-0.04125,0.056381944,0.000321929,0.000182635,0.000222021,0.000209368,0.337659723,0.269666666,0.357909723,0.40617361,0.322979167
92,Warm,Y,August,8/12/2022,0.308083333,0.293708333,0.311309028,0.301003472,0.30609375,0.373732639,0.286197917,0.335145833,0.249373264,0.344920139,23.95635417,63.0259375,0.000291573,0.000362108,0.000231964,0.000164273,0.000227587,0.000245357,0.000311945,0.000168832,0.000959628,0.000203989,0.765036149,2.523997124,-0.007510417,0.0414375,-0.044335069,0.051211806,0.000311945,0.000168832,0.000959628,0.000203989,0.336420139,0.266861111,0.362814236,0.402545139,0.322458333
93,Warm,Y,August,8/13/2022,0.307135417,0.29290625,0.310545139,0.298166667,0.30665625,0.369607639,0.285215278,0.330541667,0.254479167,0.338892361,24.1659375,62.26208333,0.000271699,0.00033281,0.000221423,0.000121114,0.000186565,0.000163939,0.000303166,0.000131089,0.000176039,0.000199322,0.555878011,1.691842774,-0.007690972,0.037635417,-0.038427083,0.045986111,0.000303166,0.000131089,0.000176039,0.000199322,0.335875,0.265791667,0.358833333,0.400322917,0.321364584
94,Warm,Y,August,8/14/2022,0.305635417,0.292354167,0.31053125,0.2958125,0.306708333,0.366777778,0.284829861,0.326440972,0.244890625,0.335972222,23.00458333,70.44322917,0.000340961,0.000250867,0.000191789,0.00013049,0.000168791,0.00015855,0.000251264,0.000152105,0.001082964,0.0001651,0.655523293,2.31251904,-0.007524306,0.034086806,-0.047463542,0.043618056,0.000251264,0.000152105,0.001082964,0.0001651,0.336232639,0.265184028,0.368526041,0.397583334,0.318916667
95,Warm,Y,August,8/15/2022,0.303916667,0.291489583,0.310697917,0.294263889,0.306399306,0.36596875,0.284861111,0.323829861,0.229348958,0.347791667,20.47041667,82.36979167,0.000237248,0.000285234,0.000193654,8.29E-05,8.87E-05,0.000218095,0.000278916,9.86E-05,7.56E-05,0.002251706,0.390609508,1.626659712,-0.006628472,0.032340278,-0.062140625,0.056302083,0.000278916,9.86E-05,7.56E-05,0.002251706,0.336534723,0.264697917,0.383449654,0.384145833,0.316343751
96,Warm,Y,August,8/16/2022,0.323770833,0.327635417,0.335017361,0.350059028,0.305392361,0.398767361,0.309579861,0.379517361,0.229604167,0.395475694,19.27166667,85.4590625,0.001807725,0.002637662,0.001678586,0.004334036,5.36E-05,0.00206881,0.001768444,0.003953848,0.00016153,0.001401569,0.314583987,1.401978114,-0.018055556,0.051881944,-0.09803125,0.067840278,0.001768444,0.003953848,0.00016153,0.001401569,0.360454861,0.320600695,0.381180555,0.402059028,0.319906249
97,Warm,Y,August,8/17/2022,0.332,0.33865625,0.3416875,0.37734375,0.304194445,0.409791667,0.318979167,0.400548611,0.2321875,0.395697917,20.19572917,71.381875,0.000251312,0.000336985,0.000197067,0.000225962,0.000201037,0.000158672,0.000232466,0.000174032,0.000843011,0.000224915,0.720404457,2.894286895,-0.019677083,0.061892361,-0.10646875,0.057041667,0.000232466,0.000174032,0.000843011,0.000224915,0.364395833,0.354138889,0.37620139,0.423885417,0.32534375
98,Warm,Y,August,8/18/2022,0.324083333,0.3241875,0.333277778,0.366503472,0.303395833,0.401815972,0.310618056,0.390458333,0.245236111,0.382961806,20.52895833,65.62666667,0.000261015,0.000263792,0.000253036,0.000342313,0.000229804,0.000265314,0.000265594,0.000213703,0.001112979,0.000262498,0.870763925,2.943736987,-0.013569444,0.066270833,-0.078951389,0.058774306,0.000265594,0.000213703,0.001112979,0.000262498,0.3559375,0.342548611,0.361555555,0.420670138,0.323979166
99,Warm,Y,August,8/19/2022,0.31521875,0.315416667,0.327267361,0.356152778,0.303277778,0.39425,0.304236111,0.380253472,0.250895833,0.371517361,19.82333333,68.40489583,0.000246111,0.000241372,0.000206062,0.00033794,0.00017589,0.000249121,0.000209538,0.00025376,0.000170947,0.000229939,0.68644301,2.290896596,-0.011180556,0.064836806,-0.064520833,0.056100694,0.000209538,0.00025376,0.000170947,0.000229939,0.350298611,0.332052084,0.355659723,0.416982639,0.315020833
100,Warm,Y,August,8/20/2022,0.312052632,0.312094737,0.324519298,0.347529825,0.303564912,0.392168421,0.301610526,0.372659649,0.250940351,0.372340351,19.56378947,68.61589474,0.000253251,0.000253563,0.000280187,0.000295691,0.000141542,0.000673571,0.000340083,0.000215083,0.000134595,0.001528901,0.530312806,1.907915841,-0.010484211,0.060564912,-0.061154386,0.060245614,0.000340083,0.000215083,0.000134595,0.001528901,0.34742807,0.322400001,0.356189473,0.411996491,0.312010527
101,Warm,Y,August,8/21/2022,0.308639175,0.308721649,0.323790378,0.341199313,0.302484536,0.399563574,0.300697595,0.366161512,0.249560137,0.386769759,19.08010309,74.00536082,0.000250509,0.000252029,0.000157488,0.000206372,0.00014301,0.000209283,0.000218254,0.000137662,0.000151559,0.000328587,0.635551863,2.123037213,-0.008024055,0.057439863,-0.059161512,0.07804811,0.000218254,0.000137662,0.000151559,0.000328587,0.346883161,0.316237114,0.355408935,0.412357389,0.308556701
102,Warm,Y,August,8/22/2022,0.3075,0.307333333,0.319392361,0.333350694,0.302347222,0.393222222,0.295864583,0.359409722,0.246201389,0.378548611,20.45177083,69.900625,0.000305649,0.000298265,0.000241119,0.000277414,0.000220364,0.000218016,0.000238609,0.000157997,0.000919728,0.000218368,0.78414132,2.674493237,-0.01146875,0.052076389,-0.061131944,0.071215278,0.000238609,0.000157997,0.000919728,0.000218368,0.342920139,0.307291666,0.358493055,0.407895833,0.307666667
103,Warm,Y,August,8/23/2022,0.306041667,0.302770833,0.314833333,0.324836806,0.302697917,0.386704861,0.291489583,0.351791667,0.249423611,0.368708333,20.16135417,65.91770833,0.000298724,0.000305462,0.000234666,0.000295061,0.000208849,0.000238113,0.000253626,0.000206925,0.000309706,0.000260559,0.832652028,2.882302585,-0.01128125,0.049020833,-0.053347222,0.0659375,0.000253626,0.000206925,0.000309706,0.000260559,0.338177083,0.297881945,0.355972223,0.404701389,0.309312501
104,Warm,Y,August,8/24/2022,0.303458333,0.298520833,0.311017361,0.316413194,0.302055556,0.380118056,0.287381944,0.343270833,0.249072917,0.35834375,20.09302083,65.67177083,0.00029129,0.00034792,0.000228584,0.000271302,0.000226189,0.000232632,0.000262364,0.000176419,0.000223945,0.000235001,0.87042036,2.774730045,-0.011138889,0.04475,-0.049447917,0.059822917,0.000262364,0.000176419,0.000223945,0.000235001,0.334652778,0.289555555,0.355038195,0.401892362,0.308395833
105,Warm,Y,August,8/25/2022,0.30221875,0.293927083,0.308475694,0.310548611,0.301909722,0.375402778,0.284454861,0.336809028,0.248618056,0.351902778,18.99083333,69.65395833,0.000253572,0.000280681,0.000204764,0.000174311,0.000155823,0.000165044,0.000265601,0.000157554,0.000154685,0.000336785,0.705032298,2.160622111,-0.009472222,0.042881944,-0.045309028,0.057975694,0.000265601,0.000157554,0.000154685,0.000336785,0.332496527,0.284288194,0.355201388,0.398902778,0.310510417
106,Warm,Y,August,8/26/2022,0.301645833,0.293833333,0.308017361,0.308163194,0.301784722,0.373041667,0.284638889,0.333809028,0.248600694,0.353461806,20.34614583,68.37770833,0.000179533,0.000204482,0.000141298,0.00013282,0.000117952,0.000108401,0.000203626,0.000104217,0.000140194,0.000155736,0.588584542,2.040947909,-0.009194445,0.039975694,-0.045232639,0.059628472,0.000203626,0.000104217,0.000140194,0.000155736,0.331395833,0.28251736,0.35496875,0.392621528,0.309458333
107,Warm,Y,August,8/27/2022,0.300322917,0.290739583,0.306055556,0.302430556,0.30096875,0.368027778,0.281982639,0.327857639,0.247767361,0.344982639,20.62955208,58.21583333,0.000252398,0.000297742,0.000207185,0.000208255,0.000189713,0.000205532,0.000268441,0.000150028,0.000193657,0.000251379,0.883558137,3.127847743,-0.008756944,0.037118056,-0.042972222,0.054243056,0.000268441,0.000150028,0.000193657,0.000251379,0.330128473,0.277003473,0.354170139,0.391072917,0.309906251
108,Warm,Y,August,8/28/2022,0.298947917,0.288770833,0.303802083,0.296347222,0.300524306,0.36259375,0.279947917,0.32271875,0.247538194,0.33696875,22.3734375,48.00260417,0.000281899,0.000333272,0.000225104,0.000194711,0.00018808,0.000203778,0.000302255,0.000138508,0.000208808,0.000163871,0.897798768,2.377484519,-0.008822917,0.033947917,-0.041232639,0.048197917,0.000302255,0.000138508,0.000208808,0.000163871,0.327656249,0.269975694,0.353510418,0.38821875,0.309125001
109,Warm,Y,August,8/29/2022,0.29778125,0.28640625,0.302298611,0.291600694,0.299895833,0.357857639,0.278,0.317611111,0.246878472,0.330680556,19.49317708,64.26291667,0.000281834,0.000295648,0.000221278,0.000151633,0.00021794,0.000188403,0.000297856,0.00015855,0.000216527,0.000183301,0.8367714,2.59928863,-0.00840625,0.031204861,-0.039527778,0.044274306,0.000297856,0.00015855,0.000216527,0.000183301,0.326597222,0.265590277,0.352913194,0.385034722,0.30915625
110,Warm,Y,August,8/30/2022,0.298041667,0.285260417,0.301013889,0.288645833,0.300170139,0.354444444,0.27690625,0.315010417,0.247326389,0.325295139,21.20333333,63.8090625,0.000351662,0.000368212,0.000226579,0.000127467,0.000234354,0.000168315,0.000301745,0.000173082,0.000233833,0.000186527,0.897574261,2.789324217,-0.008354167,0.02975,-0.037934028,0.040034722,0.000301745,0.000173082,0.000233833,0.000186527,0.325121528,0.262281249,0.353013889,0.383593749,0.310822917
111,Warm,Y,August,8/31/2022,0.297614583,0.2846875,0.300256944,0.286072917,0.300458333,0.351607639,0.276246528,0.312791667,0.247513889,0.320663194,20.33677083,64.51072917,0.000313221,0.000290309,0.000201631,0.00012519,0.000189789,0.000155315,0.000258729,0.000142661,0.000194147,0.000147386,0.869261389,2.720414842,-0.008440972,0.028104167,-0.037173611,0.035975694,0.000258729,0.000142661,0.000194147,0.000147386,0.32426736,0.259354167,0.353402777,0.382552084,0.310541666
112,,Y,September,9/1/2022,0.29465625,0.281927083,0.298385417,0.282590278,0.299329861,0.347527778,0.274065972,0.309326389,0.246440972,0.31490625,20.79461458,62.54989583,0.000252977,0.000346424,0.000209853,0.000140529,0.000239267,0.000185399,0.0002823,0.000189321,0.000255709,0.000201886,1.041272076,3.053089256,-0.007861111,0.027399306,-0.035486111,0.032979167,0.0002823,0.000189321,0.000255709,0.000201886,0.322704862,0.255854167,0.35221875,0.380149306,0.307385417
113,,Y,September,9/2/2022,0.294583333,0.281895833,0.297305556,0.280010417,0.29946875,0.344569444,0.273489583,0.307559028,0.246510417,0.310607639,22.74479167,53.31385417,0.000369229,0.000395279,0.000215486,0.000121761,0.000219126,0.000176736,0.000312232,0.000174557,0.000215954,0.000153817,0.949555875,2.947868098,-0.00840625,0.025663194,-0.035385417,0.028711806,0.000312232,0.000174557,0.000215954,0.000153817,0.321121529,0.252461806,0.352427083,0.378531249,0.307270833
114,,Y,September,9/3/2022,0.294188679,0.280943396,0.296993711,0.278188679,0.299301887,0.343044025,0.272125786,0.305509434,0.24572956,0.306654088,18.56981132,66.13471698,0.000301251,0.000382315,0.000275526,0.000211641,0.000286821,0.000251112,0.000317757,0.000226741,0.000258239,0.000234839,1.106365521,3.141052103,-0.00881761,0.024566038,-0.035213837,0.025710692,0.000317757,0.000226741,0.000258239,0.000234839,0.321861636,0.250867924,0.352874214,0.379433962,0.307433962
