ID,Transect,Plot,obs,time,elapsed,KEEP,Date,date,hhmmss,averaging,UniqueID,TIME,E,Emm,A,Ca,Ci,Pci,Pca,gsw,gbw,gtw,gtc,Rabs,TleafEB,TleafCnd,SVPleaf,RHcham,VPcham,SVPcham,VPDleaf,LatHFlux,SenHFlux,NetTherm,EBSum,Leak,LeakPct,CorrFact,CorrFactPct,Fan,Qin,Qabs,alpha,convert,S,K,Geometry,Custom,TIME,CO2_s,CO2_r,H2O_s,H2O_r,CO2_a,H2O_a,Flow,Pa,ΔPcham,Tair,Tleaf,Tleaf2,Offset,Offset2,Fan_speed,Qamb_in,Qamb_out,ΔCO2,CO2_s_d,CO2_r_d,ΔH2O,CO2_b,H2O_b,e_s,e_r,Td_s,Td_r,Q,f_red,f_blue,Tled,Pc,time,hhmmss,co2_t,h2o_t,count,co2_adj,h2o_adj,co2_match,h2o_match,co2_at,h2o_at,co2_cv,h2o_cv,A:MN,A:SLP,A:SD,A:OK,gsw:MN,gsw:SLP,gsw:SD,gsw:OK,Stable,Total,State,Vflow,VPchamber,abs_c_a,abs_c_b,abs_h_a,abs_h_b,Wc_s,Wc_r,Wco_s,Wco_r,Ww_s,Ww_r,Wwo_s,Wwo_r,Flow_s_v,Flow_r_v,Tleaf_mv,Tleaf2_mv,Tleaf_j,Tleaf2_j,Console_RH,Console_T,Console_H2O,Fan_%,Flow_%,Pump,Tchp_pwm,Txchg_pwm,diag_20v,diag_5_4v,diag_12v,diag_5va,diag_3_3vf,AccCO2_soda,AccH2O_des,AccH2O_hum,CO2_hrs,ADC_CH1,ADC_CH2,ADC_CH3,ADC_CH4,ADC_CH5,ADC_CH6,ADC_CH7,ADC_CH8,DAC_1,DAC_2,DAC_3,DAC_4,GPIO,GPIO_dir,excit_5v,power_12v,power_5v,ch1_pullup,AuxPower,MatchValveR,MatchValveS,MatchCO2,MatchH2O,cf_co2_a,cf_co2_b,cf_co2_c,cf_co2_d,cf_h2o_a,cf_h2o_b,cf_h2o_c,cf_h2o_d,co2_fit_low,co2_fit_high,h2o_fit_low,h2o_fit_high,co2_elapsed,h2o_elapsed,CO2_f,CO2_f_s,Pump_f,Pump_f_s,Pump_p,Pump_p_s,Tboard,V_system,DIAG,Flow_s,Flow_r,Txchg,Tirga,Tchopper,Ts,Tr,CO2_%,Desiccant_%,Humidifier_%,Txchg_sp,CO2_r_sp,H2O_r_sp,SS_s,SS_r
n1,north,1,1,1657724259,0,n,7/13/2022,7/13/2022,8:57:39,15,n1,1657724251,0.001925423,1.925423437,8.398857674,417.2182333,249.4188921,21.26004743,35.56298143,0.087321358,3.202157579,0.086019741,0.053877667,427.1336822,29.18678687,28.99634667,4.020922639,59.80669069,2.182416383,3.649117444,1.838506256,-84.91117356,-287.6710155,-19.61433149,34.93716166,0,0,1,0,44971.05917,2399.964333,2041.67367,0.850710005,0.177975013,1.8,0.5,0: Broadleaf,2,1657724251,417.2182333,419.9788333,25.6037,25.04087333,413.4282333,25.3087,600.0117,85.13829,0.100030357,27.32999,28.99634667,999.9,0,0,10000.41833,754.1915667,83.69490667,-2.752699333,428.1985333,430.7656333,0.583486433,419.9788333,25.04087333,2.181612667,2.131936333,18.82793,18.45983,2399.964333,0.642999833,0.357000167,26,40083.94667,1657724278,8:57:58,1657724275,1657724278,2,-0.008,-0.003,3.79,0.295,420,25,0.26,0.18,0,0,0,0,0,0,0,0,0,0,0,3.2348,2.78129,0.0825027,0.0846147,0.106587,0.107439,23283.9,22971.9,24392.3,22350.6,32183.7,25468.6,39857.4,30977.2,2.21578,2.3133,0.139672,0,26.6926,999.9,75.8,24.5,27.4782,64.0301,10.012,2,-0.10794,-1.31456,20.354,5.23002,11.9382,4.97865,3.28165,6612.3,9999,9999,161.3,4.97161,1.86127,1.86676,1.85792,1.86249,1.86304,1.86383,1.85974,0,0,0,0,11111111,oooooooo,on,on,on,on,0,100,100,3.79,0.295,3.649102847,0.000678439,-9.11E-07,3.42E-10,0.03084498,-0.010294497,0.000932414,-3.20E-06,1,2092,0,27,2.9,2.8,1.36353,2.38159,2.14966,2.73071,2.15088,2.38159,29.8578,16.1897,19,622.882,734.316,28.0001,25.9252,29.9997,25.7913,25.7415,27.3268,12.1163,100,28,420,24.9625,100.807,101.574
n1,north,1,2,1657724339,80,n,7/13/2022,7/13/2022,8:58:59,15,n1,1657724331,0.001911171,1.911170897,9.151898886,417.0037419,242.0158469,20.62870731,35.54415238,0.090641598,3.201691603,0.089239773,0.055899,355.9498139,28.80282567,28.6841,3.94883923,59.99508169,2.189117673,3.648828555,1.759721558,-84.28263657,-233.965628,-15.92989923,21.77165006,0,0,1,0,44962.74837,1999.99871,1701.41892,0.850710009,0.177975022,1.8,0.5,0: Broadleaf,2,1657724331,417.0037419,419.9884516,25.6827129,25.12407742,413.2607419,25.3837129,599.989871,85.1370129,0.099997719,27.32863871,28.6841,999.9,0,0,9998.600968,617.6180323,84.6468,-2.937682258,428.051129,430.8122258,0.574546258,419.9884516,25.12407742,2.187905806,2.138989355,18.87402581,18.51252903,1999.99871,0.64299971,0.35700029,26.25000968,33403.77097,1657724371,8:59:30,1657724371,1657724357,3,-0.048,0.001,3.743,0.299,420,25,0.66,0.15,0,0,0,0,0,0,0,0,0,0,0,3.23498,2.78135,0.0824769,0.0846129,0.10683,0.107697,23285.8,22971.9,24393.4,22350.3,32176.3,25460.7,39859.4,30976.7,2.21642,2.31285,0.120353,0,26.7053,999.9,75.6,24.6,27.5679,64.3101,10.016,2,-0.111578,-1.28291,20.3592,5.23032,11.9382,4.978,3.28157,6614.3,9999,9999,161.4,4.97163,1.86127,1.86676,1.85793,1.86248,1.86305,1.86385,1.85974,0,0,0,0,11111111,oooooooo,on,on,on,on,0,100,100,3.743,0.299,3.641106451,0.000678439,-9.11E-07,3.42E-10,0.027792236,-0.010294497,0.000932414,-3.20E-06,1,2092,0,27,1.1,1,1.36475,2.38037,2.14966,2.73071,2.15088,2.39624,29.9647,16.1809,19,623.135,733.711,27.9999,25.8752,29.9999,25.7707,25.7284,27.3396,11.7105,100,28,420,25.0958,100.812,101.573
n1,north,1,3,1657724432,172.5,n,7/13/2022,7/13/2022,9:00:31,15,n1,1657724424,0.00198054,1.980540248,9.93214385,416.7528065,243.7395657,20.77539482,35.52235793,0.099342297,3.20314253,0.09766187,0.061187281,266.9631164,28.24395042,28.2767129,3.856488282,60.20631867,2.189240887,3.636231105,1.667247396,-87.34182493,-173.9122324,-11.8081962,-6.099137219,0,0,1,0,44997.99144,1500.003871,1276.068264,0.850709981,0.177974952,1.8,0.5,0: Broadleaf,2,1657724424,416.7528065,419.9800968,25.68445161,25.10554516,413.0748065,25.38945161,599.9947097,85.13605806,0.099979658,27.26962258,28.2767129,999.9,0,0,10004.83935,458.2266774,85.36116774,-3.16310871,427.8140968,430.7955161,0.599711806,419.9800968,25.10554516,2.188444194,2.137387419,18.87796129,18.50057097,1500.003871,0.643000645,0.356999355,26.14113226,25052.92258,1657724451,9:00:50,1657724451,1657724449,4,-0.064,-0.003,3.678,0.295,420,25,0.44,0.15,0,0,0,0,0,0,0,0,0,0,0,3.23493,2.78145,0.0824566,0.084622,0.106753,0.10756,23289.1,22969.2,24396.2,22347.8,32182.9,25461.5,39864.2,30972.9,2.21697,2.31183,0.10258,0,26.6052,999.9,75.3,24.7,27.6254,64.32,10.2003,2,-0.114352,-1.28371,20.3647,5.23152,11.9381,4.97875,3.28163,6616.7,9999,9999,161.4,4.97163,1.86127,1.86676,1.85794,1.86249,1.86305,1.86385,1.85978,0,0,0,0,11111111,oooooooo,on,on,on,on,0,100,100,3.678,0.295,3.593383518,0.000678439,-9.11E-07,3.42E-10,0.028485591,-0.010294497,0.000932414,-3.20E-06,1,2092,0,27,1,1.2,1.36475,2.38281,2.14966,2.73071,2.15088,2.36206,30.1147,16.1722,19,623.279,732.453,27.9995,25.8382,29.9998,25.7471,25.7071,27.355,12.2343,100,28,420,25.0761,100.824,101.561
n1,north,1,4,1657724512,252.5,n,7/13/2022,7/13/2022,9:01:51,15,n1,1657724504,0.001931872,1.931872093,10.43184992,416.6078387,236.8940638,20.19200446,35.51016519,0.099956449,3.201265639,0.098254393,0.061559505,213.5706657,27.91565885,28.0225871,3.799839406,60.20630035,2.182740292,3.625435012,1.617099114,-85.19555932,-138.7050934,-9.40891447,-19.73890145,0,0,1,0,44971.40962,1200.003871,1020.855284,0.850709992,0.177974981,1.8,0.5,0: Broadleaf,2,1657724504,416.6078387,419.9788387,25.60806774,25.04334839,412.9368387,25.31606774,600.000871,85.13638387,0.100046868,27.21890323,28.0225871,999.9,0,0,9996.876452,367.4540968,85.7932,-3.364251935,427.5720645,430.7667742,0.583736935,419.9788387,25.04334839,2.181797419,2.132099677,18.82928065,18.46105161,1200.003871,0.643000258,0.356999742,26,20042.33548,1657724529,9:02:08,1657724528,1657724529,5,-0.007,0.001,3.671,0.292,420,25,0.33,0.13,0,0,0,0,0,0,0,0,0,0,0,3.23493,2.78133,0.0824399,0.0846198,0.106615,0.107312,23292.2,22969,24398.8,22347.5,32191.5,25468.1,39868.7,30972.4,2.21725,2.31098,0.0938103,0,26.4878,999.9,75.1,24.8,27.7161,64.21,10.2885,2,-0.117007,-1.29392,20.3677,5.22927,11.9382,4.97935,3.28177,6619,9999,9999,161.4,4.9716,1.86127,1.86676,1.85795,1.86249,1.86303,1.86385,1.85976,0,0,0,0,11111111,oooooooo,on,on,on,on,0,100,100,3.671,0.292,3.528953886,0.000678439,-9.11E-07,3.42E-10,0.025962644,-0.010294497,0.000932414,-3.20E-06,1,2092,0,27,1,1.1,1.36597,2.38403,2.14966,2.72949,2.15088,2.40479,30.222,16.1809,19,623.256,731.397,27.9993,25.8125,29.9999,25.7271,25.6882,27.3729,12.9972,100,28,420,24.9716,100.835,101.559
n1,north,1,5,1657724590,330.5,n,7/13/2022,7/13/2022,9:03:09,15,n1,1657724582,0.00192671,1.926709808,10.67162719,416.5256129,237.9705351,20.28403652,35.50364223,0.102822059,3.201075272,0.101021856,0.063297776,160.1781388,27.56147213,27.76573871,3.74332267,60.19892545,2.174082516,3.611497215,1.569240153,-84.96790254,-105.7046967,-7.159254609,-37.65371504,0,0,1,0,44977.80768,900.0035161,765.6419964,0.850710006,0.177975015,1.8,0.5,0: Broadleaf,2,1657724582,416.5256129,419.9679032,25.50614516,24.94286774,412.9026129,25.21614516,599.9921613,85.13763548,0.099961281,27.15322903,27.76573871,999.9,0,0,9995.925806,277.5027097,84.24766129,-3.39497871,427.4842258,430.711,0.581865548,419.9679032,24.94286774,2.173115161,2.123576774,18.76547097,18.39713226,900.0035161,0.642999806,0.357000194,26,15031.78065,1657724610,9:03:30,1657724606,1657724610,6,-0.048,-0.002,3.623,0.29,420,25,0.34,0.39,0,0,0,0,0,0,0,0,0,0,0,3.23494,2.78138,0.0824371,0.0846143,0.106347,0.107185,23294.6,22968.4,24401.2,22346.8,32204.6,25470.9,39872.9,30971.4,2.21745,2.3103,0.0843629,0,26.376,999.9,74.8,24.9,27.767,64.39,10.2644,2,-0.119393,-1.29574,20.3709,5.23316,11.9382,4.97945,3.2817,6621,9999,9999,161.4,4.97164,1.86127,1.86676,1.85797,1.86248,1.86308,1.86385,1.85976,0,0,0,0,11111111,oooooooo,on,on,on,on,0,100,100,3.623,0.29,3.52144649,0.000678439,-9.11E-07,3.42E-10,0.026601501,-0.010294497,0.000932414,-3.20E-06,1,2092,0,27,1,1,1.36719,2.37793,2.14966,2.73071,2.15088,2.37549,30.3079,16.1809,19,623.171,730.518,27.9998,25.7881,30,25.7065,25.6705,27.3932,13.214,100,28,420,24.939,100.846,101.556
n1,north,1,6,1657724671,412,n,7/13/2022,7/13/2022,9:04:31,15,n1,1657724663,0.001940303,1.940303456,10.38339626,416.6209677,249.5143477,21.2682712,35.51221727,0.107287123,3.201694708,0.105329153,0.06600366,106.7852635,27.19267842,27.49148387,3.683786886,60.28307383,2.167470903,3.595488361,1.516315983,-85.56738241,-71.45376109,-4.830091411,-55.06597139,0,0,1,0,45000.46727,600.0017419,510.4274331,0.850709919,0.177974923,1.8,0.5,0: Broadleaf,2,1657724663,416.6209677,419.9784839,25.42825806,24.86097097,412.9689677,25.14125806,600.0025161,85.13867097,0.099999242,27.07752258,27.49148387,999.9,0,0,9998.419355,186.7768065,87.29643226,-3.387097097,427.4684839,430.6856774,0.58443971,419.9784839,24.86097097,2.16638871,2.11663,18.71590323,18.34488387,600.0017419,0.643000839,0.356999097,26,10021.17097,1657724690,9:04:50,1657724687,1657724690,7,0.029,0,3.652,0.287,420,25,0.23,0.16,0,0,0,0,0,0,0,0,0,0,0,3.23507,2.78117,0.0824599,0.0846318,0.106111,0.10686,23295.6,22966.3,24402.8,22345.1,32215,25477.9,39875.1,30968.6,2.21767,2.309,0.0754185,0,26.2501,999.9,74.6,25,27.8612,64.08,10.2965,2,-0.12,-1.29861,20.3738,5.23376,11.9393,4.9794,3.28175,6623.3,9999,9999,161.5,4.97161,1.86127,1.86676,1.85803,1.86249,1.86309,1.86386,1.85977,0,0,0,0,11111111,oooooooo,on,on,on,on,0,100,100,3.652,0.287,3.473704603,0.000678439,-9.11E-07,3.42E-10,0.024469244,-0.010294497,0.000932414,-3.20E-06,1,2092,0,27,1.1,1,1.36841,2.38403,2.14966,2.72949,2.15088,2.3584,30.3939,16.1634,19,623.211,729.158,27.9996,25.7794,30.0001,25.6953,25.6597,27.4094,14.1059,100,28,420,24.7779,100.851,101.548
n1,north,1,7,1657724751,492,n,7/13/2022,7/13/2022,9:05:51,15,n1,1657724743,0.001977248,1.977247839,9.956553312,416.7373548,261.6282402,22.30044382,35.52150166,0.111435453,3.201935788,0.109324904,0.06851436,71.18989877,26.91825783,27.29492903,3.641628307,60.11965553,2.152426767,3.580238023,1.48920154,-87.19662971,-50.02607648,-3.376838593,-69.40964602,0,0,1,0,45015.68928,400.0002903,340.2841858,0.850709847,0.177974618,1.8,0.5,0: Broadleaf,2,1657724743,416.7373548,419.9715806,25.25221613,24.67400968,413.1933548,24.96921613,599.9885161,85.13719677,0.099946597,27.00512903,27.29492903,999.9,0,0,9999.610323,125.5209677,83.94719677,-3.127040323,427.6505484,430.596129,0.594205323,419.9715806,24.67400968,2.151265806,2.100675806,18.60392903,18.22430968,400.0002903,0.643005097,0.356994903,26,6680.781935,1657724771,9:06:10,1657724770,1657724771,8,-0.107,0.001,3.544,0.283,420,25,0.72,0.16,0,0,0,0,0,0,0,0,0,0,0,3.23494,2.78129,0.0824849,0.0846208,0.105602,0.106392,23295.7,22964.8,24403.6,22343.4,32234.8,25489.2,39876.5,30966.1,2.21767,2.30757,0.0703894,0,26.1381,999.9,74.4,25.1,27.9538,64.09,10.4928,2,-0.119571,-1.30294,20.376,5.23376,11.9388,4.9798,3.28188,6625.5,9999,9999,161.5,4.97162,1.86127,1.86676,1.85792,1.86249,1.86308,1.86386,1.85975,0,0,0,0,11111111,oooooooo,on,on,on,on,0,100,100,3.544,0.283,3.502445628,0.000678439,-9.11E-07,3.42E-10,0.024538028,-0.010294497,0.000932414,-3.20E-06,1,2092,0,27,1.1,1,1.36841,2.38892,2.14966,2.72949,2.15088,2.41333,30.5015,16.1634,19,623.185,727.805,27.9999,25.7816,30,25.6931,25.6576,27.422,14.9278,100,28,420,24.6822,100.855,101.54
n1,north,1,8,1657724856,596.5,y,7/13/2022,7/13/2022,9:07:35,15,n1,1657724848,0.003112597,3.11259704,11.91274682,416.0175806,272.7611721,23.24976834,35.46073769,0.148210634,3.202255081,0.144502545,0.090639521,391.5358131,28.51538589,28.60323871,3.930356819,59.86799048,2.15990348,3.607776815,1.770453339,-137.2655295,-253.3625303,-17.22402042,-16.31626716,0,0,1,0,45001.95799,2199.94871,1871.518343,0.850709989,0.177974973,1.8,0.5,0: Broadleaf,2,1657724848,416.0175806,419.9798387,25.3395129,24.42940323,412.5165806,25.0675129,600.0052258,85.13850968,0.100045942,27.13566129,28.60323871,999.9,0,0,10000.80419,682.3934516,85.86611935,-3.919390645,426.8909677,430.4967419,0.941012032,419.9798387,24.42940323,2.160000323,2.079884516,18.66869032,18.06594516,2199.94871,0.643000355,0.356999645,26,36743.3,1657724873,9:07:52,1657724872,1657724873,9,-0.044,-0.003,3.501,0.272,420,24,0.47,0.11,0,0,0,0,0,0,0,0,0,0,0,3.23496,2.78125,0.0823826,0.0846246,0.105829,0.105559,23297.1,22961.9,24402.5,22340.8,32225.6,25509.4,39875.3,30961.6,2.2178,2.3052,0.137262,0,26.3638,999.9,74.2,25.3,28.2134,64.16,10.4728,2,-0.117442,-1.28369,20.3575,5.23346,11.9387,4.97955,3.28153,6628.4,9999,9999,161.5,4.97159,1.86128,1.86676,1.85797,1.86249,1.86307,1.86385,1.85981,0,0,0,0,11111111,oooooooo,on,on,on,on,0,100,100,3.501,0.272,3.395143426,0.000678439,-9.11E-07,3.42E-10,0.025453154,-0.010294497,0.000932414,-3.20E-06,1,2092,0,27,1.4,1.4,1.36963,2.3877,2.14966,2.72949,2.15088,2.3584,30.6309,16.1459,19,623.46,725.838,27.9998,25.8055,30.0002,25.7089,25.6743,27.4387,16.6298,100,28,420,24.3752,100.851,101.526
n1,north,1,9,1657724934,674.5,y,7/13/2022,7/13/2022,9:08:53,15,n1,1657724926,0.003044711,3.044710579,12.14162138,415.961871,269.3309688,22.95724396,35.45577471,0.147006235,3.202576,0.143357724,0.089918839,355.9479561,28.39657286,28.5189129,3.911162935,59.81461376,2.165358579,3.620116294,1.745804356,-134.2717365,-228.7786898,-15.54916812,-22.6516384,0,0,1,0,44999.06827,1999.989032,1701.410633,0.850709982,0.177974954,1.8,0.5,0: Broadleaf,2,1657724926,415.961871,419.9842903,25.40366452,24.51345806,412.480871,25.12666452,600.0018065,85.13801935,0.100020919,27.19386774,28.5189129,999.9,0,0,10002.21677,616.564,90.18788065,-4.003117742,426.8349677,430.5383226,0.915103742,419.9842903,24.51345806,2.164937097,2.087026774,18.70519355,18.1205129,1999.989032,0.643000613,0.356999387,26,33403.59677,1657724956,9:09:15,1657724956,1657724953,10,-0.02,0.001,3.481,0.277,420,25,0.29,0.1,0,0,0,0,0,0,0,0,0,0,0,3.2351,2.78122,0.0823763,0.0846146,0.10609,0.105901,23297.6,22960.3,24402.9,22339,32216.8,25497.8,39876.2,30959.3,2.21767,2.30407,0.12327,0,26.5128,999.9,74.1,25.4,28.3413,64.22,10.4928,2,-0.116867,-1.28808,20.3594,5.22972,11.9384,4.9795,3.28153,6630.4,9999,9999,161.5,4.97162,1.86128,1.86676,1.85802,1.86249,1.8631,1.86386,1.85979,0,0,0,0,11111111,oooooooo,on,on,on,on,0,100,100,3.481,0.277,3.351549778,0.000678439,-9.11E-07,3.42E-10,0.022647047,-0.010294497,0.000932414,-3.20E-06,1,2092,0,27,1,1,1.36963,2.39014,2.14966,2.72949,2.15088,2.38525,30.782,16.1371,19,623.508,724.955,28.0004,25.8207,30.0002,25.7213,25.6855,27.4527,16.2987,100,28,420,24.4719,100.853,101.518
n1,north,1,10,1657725017,757.5,y,7/13/2022,7/13/2022,9:10:16,15,n1,1657725009,0.002883518,2.883517684,12.25193737,415.9456774,267.650891,22.8141916,35.45463399,0.14591431,3.202288561,0.14231877,0.089264897,266.9628263,27.94932965,28.17282903,3.833242436,59.87107238,2.167010068,3.619460921,1.666232368,-127.1631299,-169.5425825,-11.50408657,-41.2469726,0,0,1,0,44994.30822,1500.001935,1276.066639,0.850709995,0.177974988,1.8,0.5,0: Broadleaf,2,1657725009,415.9456774,419.9810968,25.42286774,24.5798,412.4576774,25.14186774,599.9967097,85.13866129,0.099954977,27.19078065,28.17282903,999.9,0,0,10000.92774,458.1315161,91.03255161,-4.042864516,426.7983548,430.5642903,0.865612839,419.9810968,24.5798,2.166387097,2.092690968,18.7159129,18.16366129,1500.001935,0.643000161,0.356999839,26,25052.87742,1657725038,9:10:38,1657725036,1657725038,11,0.007,0.001,3.488,0.281,420,25,0.24,0.13,0,0,0,0,0,0,0,0,0,0,0,3.23505,2.78144,0.0823687,0.0846164,0.106127,0.106166,23297.6,22958.8,24402.7,22337.6,32215.4,25488.2,39876.1,30956.9,2.21732,2.3031,0.102036,0,26.4935,999.9,73.8,25.5,28.3957,64.0499,10.613,2,-0.116214,-1.27365,20.3658,5.23256,11.9394,4.97845,3.28175,6632.6,9999,9999,161.6,4.97162,1.8613,1.86677,1.85805,1.86249,1.8631,1.86386,1.85987,0,0,0,0,11111111,oooooooo,on,on,on,on,0,100,100,3.488,0.281,3.331829123,0.000678439,-9.11E-07,3.42E-10,0.023834962,-0.010294497,0.000932414,-3.20E-06,1,2092,0,27,1,1.1,1.37085,2.39258,2.14966,2.72949,2.15088,2.34985,30.8902,16.1284,19,623.393,724.204,28,25.8338,30.0001,25.7342,25.6963,27.4688,16.093,100,28,420,24.6637,100.853,101.511
n1,north,1,11,1657725099,840,y,7/13/2022,7/13/2022,9:11:39,15,n1,1657725091,0.00275029,2.750289837,12.65439879,415.84,261.625581,22.30049897,35.44546164,0.143966433,3.202409932,0.140465138,0.088098196,213.5701416,27.66321897,27.94788387,3.783325499,60.12737781,2.172680723,3.613463287,1.610644777,-121.2877818,-135.5940954,-9.188582539,-52.50031813,0,0,1,0,45000.74858,1200.000323,1020.852308,0.850710028,0.17797507,1.8,0.5,0: Broadleaf,2,1657725091,415.84,419.9794516,25.4895129,24.68545161,412.437,25.2095129,599.9959677,85.13822903,0.099991523,27.16250645,27.94788387,999.9,0,0,10001.49097,367.5510323,93.6677871,-4.05458129,426.8155806,430.6092581,0.830599323,419.9794516,24.68545161,2.172392258,2.101674194,18.76015806,18.2318871,1200.000323,0.642999065,0.357000935,26,20042.26774,1657725117,9:11:56,1657725117,1657725116,12,-0.086,-0.003,3.403,0.28,420,25,0.51,0.12,0,0,0,0,0,0,0,0,0,0,0,3.2351,2.78114,0.0823701,0.0846113,0.106316,0.106411,23299,22957.1,24404.2,22335.8,32210.7,25479,39878.9,30954.2,2.2172,2.30242,0.0921041,0,26.4317,999.9,73.6,25.6,28.4873,64.1799,10.629,2,-0.116845,-1.28641,20.3683,5.23271,11.9391,4.97945,3.28125,6634.8,9999,9999,161.6,4.97163,1.86134,1.86681,1.85806,1.86249,1.8631,1.86386,1.85989,0,0,0,0,11111111,oooooooo,on,on,on,on,0,100,100,3.403,0.28,3.339176171,0.000678439,-9.11E-07,3.42E-10,0.024748836,-0.010294497,0.000932414,-3.20E-06,1,2092,0,27,1.1,1,1.37207,2.3938,2.14966,2.72949,2.15088,2.3877,31.0202,16.1284,19,623.299,723.58,27.9998,25.8338,29.9999,25.7342,25.6963,27.4795,16.2656,100,28,420,24.6317,100.86,101.503
n1,north,1,12,1657725178,918.5999999,y,7/13/2022,7/13/2022,9:12:57,15,n1,1657725170,0.002662093,2.662093238,12.50178454,415.9139355,262.7282106,22.39442176,35.45166339,0.142983105,3.202053753,0.139528483,0.087508734,160.177928,27.34879936,27.71892258,3.7331007,60.02280078,2.163074575,3.603754818,1.570026125,-117.3983118,-103.9695083,-7.036649911,-68.22654204,0,0,1,0,45001.12722,900.0026129,765.6411854,0.850709958,0.177974959,1.8,0.5,0: Broadleaf,2,1657725170,415.9139355,419.9965806,25.3768871,24.59853548,412.5109355,25.0998871,600.0074516,85.13793548,0.100043735,27.11665161,27.71892258,999.9,0,0,10000.02161,277.6590323,95.02045484,-4.083404516,426.752871,430.5884516,0.801584065,419.9965806,24.59853548,2.162514516,2.094269032,18.68728065,18.17565484,900.0026129,0.643000452,0.356999516,26,15031.75806,1657725195,9:13:14,1657725195,1657725195,13,0.001,0,3.403,0.277,420,25,0.63,0.11,0,0,0,0,0,0,0,0,0,0,0,3.23503,2.78133,0.0823738,0.0846203,0.105998,0.106152,23300.7,22956.3,24406.1,22335.2,32224.8,25485.5,39881.9,30953.1,2.21723,2.3018,0.0834092,0,26.3518,999.9,73.4,25.7,28.5779,63.9645,10.6811,2,-0.118834,-1.28861,20.3716,5.22927,11.9388,4.9784,3.2815,6636.8,9999,9999,161.6,4.97161,1.8613,1.86677,1.85805,1.86249,1.8631,1.86386,1.85989,0,0,0,0,11111111,oooooooo,on,on,on,on,0,100,100,3.403,0.277,3.253439402,0.000678439,-9.11E-07,3.42E-10,0.021811068,-0.010294497,0.000932414,-3.20E-06,1,2092,0,27,1,1,1.37207,2.39136,2.14966,2.72827,2.15088,2.39624,31.0853,16.1284,19,623.183,722.849,27.9996,25.8164,29.9999,25.7223,25.6851,27.4822,16.7489,100,28,420,24.6145,100.867,101.499
n1,north,1,13,1657725256,996.5999999,y,7/13/2022,7/13/2022,9:14:15,15,n1,1657725248,0.002510096,2.510096026,11.94698687,416.1054516,266.5531066,22.72043089,35.46796087,0.139822647,3.20238302,0.136517487,0.085613877,106.7853935,27.02203554,27.44770968,3.674361179,60.21766977,2.160767657,3.588261827,1.513593521,-110.6952348,-69.82842025,-4.717368303,-78.45562986,0,0,1,0,45018.1375,600.002129,510.4278321,0.850710035,0.177975024,1.8,0.5,0: Broadleaf,2,1657725248,416.1054516,420.0029677,25.34984194,24.6158871,412.7584516,25.07484194,599.9875806,85.13792903,0.099985387,27.04325161,27.44770968,999.9,0,0,10001.41258,186.9003226,93.51014194,-3.841730645,426.9957742,430.6025806,0.757947323,420.0029677,24.6158871,2.160275161,2.095745806,18.67073226,18.18689032,600.002129,0.642999774,0.357000258,26,10021.16452,1657725273,9:14:32,1657725273,1657725273,14,-0.056,-0.002,3.347,0.275,420,25,0.34,0.1,0,0,0,0,0,0,0,0,0,0,0,3.23499,2.78126,0.0824108,0.0846182,0.105928,0.106215,23301.3,22955.7,24407.5,22334.5,32229.2,25482.9,39884.3,30952.2,2.2176,2.3015,0.0740588,0,26.2334,999.9,73.2,25.8,28.6678,63.9045,10.7212,2,-0.121131,-1.30648,20.3744,5.23226,11.9397,4.9791,3.2815,6639.1,9999,9999,161.6,4.97164,1.86133,1.8668,1.85806,1.86249,1.86309,1.86386,1.85988,0,0,0,0,11111111,oooooooo,on,on,on,on,0,100,100,3.347,0.275,3.25397231,0.000678439,-9.11E-07,3.42E-10,0.021316799,-0.010294497,0.000932414,-3.20E-06,1,2092,0,27,1,1,1.37207,2.39136,2.14966,2.72827,2.15088,2.38159,31.1722,16.1284,19,623.26,722.34,28.0003,25.7925,30.0001,25.7044,25.6684,27.4893,16.9772,100,28,420,24.5593,100.873,101.496
n1,north,1,14,1657725334,1074.6,y,7/13/2022,7/13/2022,9:15:33,15,n1,1657725326,0.002456801,2.456801473,10.76715671,416.4510323,280.8052987,23.93502809,35.49707645,0.139952194,3.20195424,0.136640552,0.085691356,71.19006056,26.7708544,27.24996774,3.632044062,60.20826554,2.15147228,3.573383589,1.480571782,-108.344945,-47.8969672,-3.231848238,-88.28369984,0,0,1,0,45020.92033,400.0006774,340.2845523,0.85070994,0.17797485,1.8,0.5,0: Broadleaf,2,1657725326,416.4510323,419.9881935,25.24103226,24.52258065,413.0840323,24.96503226,599.9876129,85.13713226,0.099963345,26.97250323,27.24996774,999.9,0,0,9999.695806,125.6007097,91.71425161,-3.557513871,427.2216129,430.5462581,0.736124226,419.9881935,24.52258065,2.150453871,2.087782258,18.59790968,18.12627419,400.0006774,0.643002,0.356998,26,6680.775484,1657725353,9:15:52,1657725350,1657725353,15,0.02,0.003,3.367,0.276,420,25,0.26,0.16,0,0,0,0,0,0,0,0,0,0,0,3.235,2.78135,0.0824623,0.0846283,0.105615,0.10594,23301.8,22956.3,24409.4,22335.3,32243.2,25491.2,39887.5,30952.8,2.21788,2.30063,0.0687353,0,26.1185,999.9,73.1,25.9,28.8016,63.7845,10.8614,2,-0.12251,-1.31694,20.3761,5.23271,11.9388,4.97915,3.28138,6641,9999,9999,161.6,4.97165,1.86131,1.86686,1.85806,1.86249,1.8631,1.86386,1.85988,0,0,0,0,11111111,oooooooo,on,on,on,on,0,100,100,3.367,0.276,3.1977199,0.000678439,-9.11E-07,3.42E-10,0.01932806,-0.010294497,0.000932414,-3.20E-06,1,2092,0,27,1,1,1.37207,2.39502,2.14966,2.72705,2.15088,2.3584,31.2591,16.1109,19,623.311,721.352,27.9999,25.7751,30,25.6909,25.6554,27.4919,17.5558,100,28,420,24.4666,100.881,101.499
n1,north,1,15,1657725414,1154.6,y,7/13/2022,7/13/2022,9:16:53,15,n1,1657725406,0.002368319,2.368318862,7.890325909,417.3250645,313.599014,26.72985724,35.57102828,0.137822131,3.202065885,0.134609391,0.084413284,35.59531343,26.53033678,27.0511129,3.589918373,60.14821312,2.140691444,3.559027498,1.449226929,-104.4428618,-25.39718127,-1.711326062,-95.9560557,0,0,1,0,45033.21097,200.0019677,170.1436593,0.850709926,0.177974816,1.8,0.5,0: Broadleaf,2,1657725406,417.3250645,419.9886452,25.11493871,24.42229355,414.0150645,24.84393871,600.0055806,85.13575161,0.100030526,26.90399355,27.0511129,999.9,0,0,10000.32935,63.2611129,90.80269032,-2.606644516,428.1443226,430.5025484,0.714844258,419.9886452,24.42229355,2.140069677,2.079211613,18.5206,18.06080645,200.0019677,0.643002452,0.356997548,26,3340.415806,1657725431,9:17:10,1657725431,1657725431,16,-0.057,-0.002,3.31,0.271,420,24,0.46,0.14,0,0,0,0,0,0,0,0,0,0,0,3.2351,2.78121,0.0826077,0.0846278,0.105251,0.105636,23297.3,22954.4,24408.5,22333.4,32255.3,25497.4,39886,30949.8,2.21795,2.2996,0.0632107,0,26.0134,999.9,72.9,26,28.8943,63.8245,10.8894,2,-0.122299,-1.32092,20.3783,5.23197,11.9388,4.9791,3.28153,6643.3,9999,9999,161.7,4.97167,1.86134,1.86681,1.85806,1.86249,1.8631,1.86386,1.85988,0,0,0,0,11111111,oooooooo,on,on,on,on,0,100,100,3.31,0.271,3.218019807,0.000678439,-9.11E-07,3.42E-10,0.022523751,-0.010294497,0.000932414,-3.20E-06,1,2092,0,27,1.1,1,1.37207,2.3938,2.14966,2.72827,2.15088,2.38525,31.368,16.1196,19,623.294,720.32,27.9997,25.7686,30,25.6844,25.649,27.4978,18.0569,100,28,420,24.415,100.878,101.49
n1,north,1,16,1657725492,1232.6,y,7/13/2022,7/13/2022,9:18:11,15,n1,1657725484,0.002342869,2.342869457,4.450781503,418.3793548,355.0813633,30.2648845,35.66000405,0.138181523,3.201920287,0.134952074,0.084628913,17.79742358,26.37700163,26.92890645,3.564242119,60.18151508,2.133984444,3.545913461,1.430257675,-103.320543,-15.14005664,-1.019278028,-101.6824541,0,0,1,0,45039.94204,99.99979355,85.0708085,0.850709841,0.177974603,1.8,0.5,0: Broadleaf,2,1657725484,418.3793548,420.0086774,25.03687419,24.3516,415.0723548,24.76787419,599.9905484,85.13370645,0.099954426,26.8412,26.92890645,999.9,0,0,9999.954839,31.58786129,91.18088387,-1.625980645,429.1355806,430.4919032,0.705468387,420.0086774,24.3516,2.133200323,2.073142258,18.46928065,18.01430323,99.99979355,0.64300529,0.35699471,25.22310968,1670.19,1657725510,9:18:29,1657725508,1657725510,17,-0.003,-0.001,3.307,0.269,420,24,0.28,0.2,0,0,0,0,0,0,0,0,0,0,0,3.2351,2.78126,0.0827681,0.0846273,0.105006,0.105431,23294.8,22953.5,24410.1,22332.5,32266.4,25502.3,39888.6,30948.6,2.21795,2.29878,0.061322,0,25.9252,999.9,72.8,26.1,29.026,64.1245,10.9535,2,-0.123257,-1.3317,20.3794,5.23241,11.9402,4.9791,3.28165,6645.3,9999,9999,161.7,4.97164,1.86136,1.86685,1.85806,1.86249,1.8631,1.86386,1.85989,0,0,0,0,11111111,oooooooo,on,on,on,on,0,100,100,3.307,0.269,3.161311835,0.000678439,-9.11E-07,3.42E-10,0.020795352,-0.010294497,0.000932414,-3.20E-06,1,2092,0,27,1,1,1.37329,2.39624,2.14966,2.72949,2.15088,2.40234,31.4552,16.1109,19,623.194,719.472,28,25.7621,29.9999,25.6758,25.6425,27.5005,18.7213,100,28,420,24.3037,100.884,101.486
n1,north,1,17,1657725571,1311.6,y,7/13/2022,7/13/2022,9:19:30,15,n1,1657725563,0.002249324,2.249323703,2.086929277,419.0889355,382.611028,32.61055137,35.71962192,0.133684458,3.202063706,0.130659444,0.081928237,8.898697207,26.29370229,26.83700645,3.54503917,60.17554385,2.126582117,3.5339641,1.418457053,-99.19517531,-9.183897832,-0.617800701,-100.0981766,0,0,1,0,45051.13548,49.99826452,42.53412604,0.850712049,0.177980122,1.8,0.5,0: Broadleaf,2,1657725563,419.0889355,419.9978065,24.95062903,24.29267419,415.8149355,24.68262903,600.0051613,85.1315871,0.100016252,26.78380645,26.83700645,999.9,0,0,10000.80935,15.51847742,90.66066129,-0.875602516,429.855129,430.4547742,0.675778548,419.9978065,24.29267419,2.125603871,2.068073548,18.41236129,17.97538387,49.99826452,0.64293171,0.35706829,25,835.0350323,1657725588,9:19:47,1657725588,1657725588,18,-0.034,0.001,3.274,0.268,420,24,0.58,0.23,0,0,0,0,0,0,0,0,0,0,0,3.23496,2.78133,0.082877,0.0846189,0.104776,0.105256,23292.5,22952.1,24410.6,22330.9,32275.6,25505.1,39889.6,30945.9,2.2179,2.29765,0.0596344,0,25.8553,999.9,72.6,26.2,29.1159,64.1445,10.8734,2,-0.122934,-1.34048,20.3801,5.23241,11.9396,4.97925,3.28163,6647.6,9999,9999,161.7,4.97166,1.86141,1.86683,1.85806,1.8625,1.8631,1.86387,1.85989,0,0,0,0,11111111,oooooooo,on,on,on,on,0,100,100,3.274,0.268,3.158209646,0.000678439,-9.11E-07,3.42E-10,0.019984182,-0.010294497,0.000932414,-3.20E-06,1,2092,0,27,1.1,1,1.37329,2.39502,2.14966,2.72827,2.15088,2.40112,31.4988,16.1196,19,623.107,718.379,28.0001,25.7599,30.0002,25.6714,25.6382,27.505,19.223,100,28,420,24.2318,100.886,101.477
n1,north,1,18,1657725649,1389.6,y,7/13/2022,7/13/2022,9:20:48,15,n1,1657725641,0.00214205,2.142049513,-0.821524313,419.9677097,418.9842229,35.71044974,35.79427331,0.127664875,3.20090288,0.12490214,0.078307079,0,26.23577835,26.77933871,3.533035391,60.1080102,2.119811317,3.526670255,1.413224074,-94.46438354,-5.288902547,-0.355748244,-100.1090343,0,0,1,0,45035.21924,0,0,0,0,1.8,0.5,0: Broadleaf,2,1657725641,419.9677097,419.991129,24.87136129,24.24475161,416.7317097,24.60636129,600.0215161,85.13092581,0.100087171,26.74869032,26.77933871,999.9,0,0,9995.985806,-0.54247529,89.03150323,0.014646471,430.7270323,430.4267742,0.646203935,419.991129,24.24475161,2.118990323,2.063978387,18.36264516,17.94387419,0,0,0,25,0,1657725665,9:21:04,1657725663,1657725665,19,-0.038,-0.002,3.236,0.265,420,24,0.33,0.14,0,0,0,0,0,0,0,0,0,0,0,3.23505,2.7812,0.0830127,0.0846131,0.104549,0.105114,23286.4,22948.5,24407.9,22327.4,32280.7,25504.8,39885.6,30940.6,2.21753,2.29585,0.05918,0,25.8088,999.9,72.5,26.3,29.2509,64.0845,10.9255,2,-0.118895,-1.29088,20.3816,5.22957,11.9384,4.979,3.28167,6649.5,9999,9999,161.7,4.97165,1.86141,1.86688,1.85807,1.86251,1.8631,1.86387,1.85989,0,0,0,0,11111111,oooooooo,on,on,on,on,0,100,100,3.236,0.265,3.124852492,0.000678439,-9.11E-07,3.42E-10,0.021030257,-0.010294497,0.000932414,-3.20E-06,1,2092,0,27,1,1,1.37329,2.3938,2.14966,2.72827,2.15088,2.38525,31.608,16.1109,19,623.071,717.045,28.0005,25.7875,30.0004,25.693,25.6612,27.5057,19.8498,100,28,420,24.1755,100.876,101.46
n2,north,2,19,1657726014,1755.1,y,7/13/2022,7/13/2022,9:26:54,15,n2,1657726006,0.005429385,5.429384566,18.1960336,413.4905,284.4982882,24.25381619,35.2505551,0.258755065,3.202003883,0.247674364,0.155752492,391.538284,28.57774836,29.05313333,4.034154647,59.72590879,2.234027762,3.740466755,1.800126885,-239.4358593,-224.4943469,-15.34401701,-87.73593929,0,0,1,0,44905.3381,2199.962667,1871.530154,0.850709961,0.177974967,1.9,0.5,0: Broadleaf,2,1657726006,413.4905,419.9634667,26.20524,24.53099667,410.4685,25.88308667,600.0025,85.15112333,0.100061637,27.75267,29.05313333,999.9,0,0,9998.262333,685.8071,796.4431333,-6.259786333,424.8365333,430.5244667,1.674235667,419.9634667,24.53099667,2.231405333,2.088841667,19.18958333,18.13434,2199.962667,0.643000333,0.356999633,27,36743.55,1657726031,9:27:11,1657726031,1657725665,20,-0.214,-0.002,3.022,0.265,420,24,0.4,0.14,0,0,0,0,0,0,0,0,0,0,0,3.23392,2.78124,0.0818848,0.0844305,0.108055,0.105735,23260.2,22901.8,24355,22281.1,32088.2,25433.9,39802.8,30874,2.20167,2.27185,0.117563,0,27.1551,999.9,71.6,26.7,29.5683,63.8146,11.2179,2,-0.0145833,-0.665071,20.3604,5.22942,11.9436,4.97785,3.281,6660,9999,9999,161.8,4.97165,1.86141,1.8669,1.85806,1.86254,1.8631,1.86386,1.85989,0,0,0,0,11111111,oooooooo,on,on,on,on,0,100,100,3.022,0.3223,3.086552167,0.000678439,-9.11E-07,3.42E-10,0.019420181,-0.010294497,0.000932414,-3.20E-06,1,2092,0,27,5.9,5.8,1.37573,2.40601,2.14966,2.72705,2.15088,2.38525,31.8927,16.0758,19,622.223,708.356,28.0015,26.9616,30.0019,26.6707,26.6345,27.5537,19.4603,99.6284,28,420,24.5776,100.663,101.246
n2,north,2,20,1657726092,1833.1,y,7/13/2022,7/13/2022,9:28:12,15,n2,1657726084,0.005346134,5.346133695,18.06650006,413.5443871,285.0320618,24.29930691,35.25512857,0.257651928,3.201708308,0.246662381,0.155112294,355.9463187,28.54828351,29.03083548,4.028954447,59.63106509,2.249267334,3.771972428,1.779687114,-235.7644959,-195.8221559,-13.39360375,-89.03393682,0,0,1,0,44878.52179,1999.980323,1701.403088,0.850709914,0.17797491,1.9,0.5,0: Broadleaf,2,1657726084,413.5443871,419.9657097,26.38401613,24.7357,410.5963871,26.05638387,599.9852903,85.15115161,0.099983871,27.89636129,29.03083548,999.9,0,0,9997.01129,618.7902581,803.9683871,-6.347959677,424.8264194,430.6173226,1.648317419,419.9657097,24.7357,2.246629355,2.106272258,19.29874839,18.26670645,1999.980323,0.643001,0.356998935,27.9543,33403.48065,1657726110,9:28:30,1657726110,1657725665,21,-0.074,-0.002,2.948,0.265,420,24,0.33,0.14,0,0,0,0,0,0,0,0,0,0,0,3.23311,2.78093,0.0818412,0.084343,0.108479,0.106254,23246.1,22889.4,24340.4,22268.1,32055.4,25404.7,39780.1,30855.9,2.196,2.2653,0.107549,0,27.2877,999.9,71.3,26.8,29.6195,63.9946,11.3502,2,0.01531,-0.528271,20.3623,5.22687,11.9441,4.9774,3.28055,6661.9,9999,9999,161.9,4.97167,1.86142,1.86691,1.85814,1.86259,1.86314,1.86389,1.85989,0,0,0,0,11111111,oooooooo,on,on,on,on,0,100,100,2.948,0.328,2.872888773,0.000678439,-9.11E-07,3.42E-10,0.019420181,-0.010294497,0.000932414,-3.20E-06,1,2092,0,27,1,7.1,1.37573,2.39868,2.14966,2.72827,2.15088,2.39136,32.0244,16.0846,19,621.828,706.94,28.0019,27.3403,30.0017,27.018,26.9751,27.5739,18.6475,100,28,420,24.8738,100.605,101.186
n2,north,2,21,1657726171,1912.1,y,7/13/2022,7/13/2022,9:29:31,15,n2,1657726163,0.005189792,5.189792004,17.90222914,413.6503871,288.6931114,24.61120673,35.26386598,0.262373412,3.20342083,0.250992778,0.157851853,266.962532,28.15878956,28.73921935,3.961481227,59.80263013,2.263106666,3.784292866,1.698374561,-228.8698274,-135.9087657,-9.279842515,-107.0959036,0,0,1,0,44901.29188,1500.000323,1276.065264,0.850709993,0.177974983,1.9,0.5,0: Broadleaf,2,1657726163,413.6503871,419.9993226,26.54657742,24.94674839,410.7233871,26.21392581,599.9915806,85.15046452,0.099947626,27.95226774,28.73921935,999.9,0,0,10004.32161,459.2929032,838.8909677,-6.328808065,424.9515484,430.7450323,1.599820645,419.9993226,24.94674839,2.260453226,2.124228065,19.39730968,18.40202581,1500.000323,0.643000226,0.356999774,28,25052.84194,1657726191,9:29:50,1657726191,1657725665,22,-0.021,-0.002,2.927,0.265,420,24,0.25,0.14,0,0,0,0,0,0,0,0,0,0,0,3.23276,2.78118,0.0817803,0.0842849,0.108754,0.106868,23231.7,22878.1,24325.1,22256.8,32027.1,25374.3,39756.4,30839.6,2.19068,2.25918,0.0884011,0,27.3067,999.9,71,26.8,29.4946,64.0146,11.4423,2,0.0427973,-0.421702,20.369,5.22897,11.9441,4.97775,3.281,6664.2,9999,9999,161.9,4.97164,1.86142,1.86691,1.85808,1.86257,1.86311,1.86389,1.85989,0,0,0,0,11111111,oooooooo,on,on,on,on,0,100,100,2.927,0.332,2.79861969,0.000678439,-9.11E-07,3.42E-10,0.019420181,-0.010294497,0.000932414,-3.20E-06,1,2092,0,27,1,8.4,1.37695,2.40723,2.14966,2.72705,2.15088,2.38892,32.0684,16.0671,19,621.682,705.908,28.0012,27.7094,30.0016,27.3667,27.3182,27.5787,17.8102,100,28,420,25.0587,100.543,101.134
n2,north,2,22,1657726252,1992.6,y,7/13/2022,7/13/2022,9:30:51,15,n2,1657726244,0.004911995,4.911994866,17.70883487,413.7292258,287.6735485,24.52660744,35.27392198,0.255994495,3.201213782,0.24514108,0.154149965,213.5696803,27.98292564,28.5731871,3.923507197,60.01154178,2.277271138,3.794721932,1.64623606,-216.6189736,-99.01468786,-6.761371783,-108.8253529,0,0,1,0,44854.31857,1199.99871,1020.850836,0.850709945,0.177974925,1.9,0.5,0: Broadleaf,2,1657726244,413.7292258,419.9805161,26.71020323,25.19629677,410.8222258,26.37247097,600.0046774,85.15840968,0.100063213,27.99946774,28.5731871,999.9,0,0,9994.071935,368.2112581,1081.330645,-6.232245484,425.1029355,430.836,1.513903226,419.9805161,25.19629677,2.274599355,2.145677419,19.49762581,18.5623871,1199.99871,0.643000903,0.356999065,28,20042.23548,1657726268,9:31:08,1657726268,1657725665,23,-0.02,-0.002,2.907,0.265,420,24,0.34,0.14,0,0,0,0,0,0,0,0,0,0,0,3.23244,2.78115,0.0817409,0.0842243,0.109218,0.107457,23218.3,22866,24311.4,22244.6,31993.6,25344.2,39734.8,30822.7,2.18568,2.25322,0.0778735,0,27.314,999.9,70.8,26.9,29.5807,63.9946,11.3341,2,0.0686509,-0.315466,20.3725,5.22942,11.9441,4.97775,3.281,6666.4,9999,9999,161.9,4.97168,1.86142,1.86691,1.85811,1.8626,1.8631,1.86391,1.8599,0,0,0,0,11111111,oooooooo,on,on,on,on,0,100,100,2.907,0.338,2.777399547,0.000678439,-9.11E-07,3.42E-10,0.019420181,-0.010294497,0.000932414,-3.20E-06,1,2092,0,27,1,9.8,1.37695,2.40356,2.14966,2.72827,2.15088,2.39014,32.1344,16.0846,19,621.729,705.006,28.0013,28.0628,30.0016,27.7135,27.6618,27.5979,17.3998,100,28,420,25.1431,100.488,101.078
n2,north,2,23,1657726329,2070.1,y,7/13/2022,7/13/2022,9:32:09,15,n2,1657726321,0.004629373,4.629372872,17.31849743,413.8899032,286.7089008,24.44403932,35.28715376,0.246994524,3.202179828,0.236877539,0.148922902,160.1776663,27.77948299,28.39592258,3.883314985,59.94763387,2.277303134,3.798820716,1.606011851,-204.1553437,-65.24523954,-4.450506889,-113.6734238,0,0,1,0,44869.08925,900.0003226,765.639318,0.850710048,0.177975121,1.9,0.5,0: Broadleaf,2,1657726321,413.8899032,419.9809355,26.71093226,25.2841,411.0269032,26.42493226,599.9909355,85.15734516,0.09999861,28.0179871,28.39592258,999.9,0,0,9998.274516,277.9596129,1185.780968,-6.048008387,425.3163226,430.8752903,1.480258065,419.9809355,25.2841,2.279181935,2.153126129,19.5300129,18.61775806,900.0003226,0.642998387,0.357001613,28,15031.70968,1657726351,9:32:31,1657726348,1657726351,24,-0.043,-0.009,2.863,0.286,420,25,0.4,0.05,0,0,0,0,0,0,0,0,0,0,0,3.23219,2.78136,0.0817035,0.0841612,0.109275,0.107628,23207,22856.9,24299.8,22235.2,31977.7,25328.9,39716.7,30809.5,2.18125,2.24748,0.0673905,0,27.3003,999.9,70.6,27,29.673,63.9646,11.3782,2,0.0917073,-0.233347,20.3753,5.22987,11.9441,4.9779,3.281,6668.4,9999,9999,161.9,4.97163,1.86142,1.86691,1.85811,1.86252,1.86314,1.86387,1.85991,0,0,0,0,11111111,oooooooo,on,on,on,on,0,100,100,2.863,0.286,2.757530568,0.000678439,-9.11E-07,3.42E-10,0.019420181,-0.010294497,0.000932414,-3.20E-06,1,2092,0,27,1,11.1,1.37817,2.40479,2.14966,2.72583,2.15088,2.38159,32.1784,16.0671,19,621.859,703.891,28.0009,28.3788,30.0014,28.0307,27.9774,27.6045,17.1272,100,28,420,25.2078,100.441,101.035
n2,north,2,24,1657726412,2153.1,y,7/13/2022,7/13/2022,9:33:32,15,n2,1657726404,0.004645559,4.645559471,15.58978558,414.4465806,302.2875027,25.77397349,35.33700563,0.255452042,3.204211243,0.244653182,0.153840432,106.7850428,27.51339496,28.2231129,3.844479029,60.02023749,2.283655038,3.8048084,1.560823991,-204.8691727,-30.76651949,-2.095791713,-130.9464411,0,0,1,0,44902.09289,599.9996774,510.4257807,0.850710092,0.177975167,1.9,0.5,0: Broadleaf,2,1657726404,414.4465806,419.9930645,26.78362258,25.35192258,411.6325806,26.4523129,599.9969032,85.16314516,0.099967813,28.04500968,28.2231129,999.9,0,0,10006.16871,187.0054194,1198.123226,-5.497549032,425.9027419,430.9176452,1.431710968,419.9930645,25.35192258,2.280978065,2.159049355,19.54269677,18.66165161,599.9996774,0.642997871,0.357002161,28,10021.1129,1657726436,9:33:56,1657726436,1657726351,25,-0.05,-0.009,2.814,0.286,420,25,0.69,0.05,0,0,0,0,0,0,0,0,0,0,0,3.23185,2.78148,0.0817303,0.0840951,0.10923,0.107701,23194.1,22847.2,24288.1,22225.1,31965.5,25315.6,39698.6,30795.2,2.1769,2.2419,0.0560433,0,27.3102,999.9,70.4,27.1,29.7606,63.9146,11.3582,2,0.114713,-0.158633,20.3783,5.22972,11.9441,4.97775,3.281,6670.6,9999,9999,161.9,4.97167,1.86142,1.86691,1.85813,1.86258,1.86315,1.86388,1.85989,0,0,0,0,11111111,oooooooo,on,on,on,on,0,100,100,2.814,0.3309,2.714248672,0.000678439,-9.11E-07,3.42E-10,0.010423923,-0.010294497,0.000932414,-3.20E-06,1,2092,0,27,1.1,1,1.37817,2.40234,2.14966,2.72583,2.15088,2.38525,32.2666,16.0671,19,622.102,703.026,28.0009,28.693,30.0014,28.3554,28.3025,27.6147,17.2304,100,28,420,25.3026,100.395,100.989
n2,north,2,25,1657726497,2238.1,y,7/13/2022,7/13/2022,9:34:57,15,n2,1657726489,0.004516313,4.516313153,13.23799327,415.2283871,317.43077,27.06275518,35.40055108,0.252768077,3.201914591,0.24218265,0.152278274,71.19027797,27.37780081,28.12551935,3.822696635,60.08783214,2.289812056,3.810774951,1.532884579,-199.16941,-9.255859865,-0.630732082,-137.865724,0,0,1,0,44856.19916,400.0013226,340.2851422,0.850710043,0.177975106,1.9,0.5,0: Broadleaf,2,1657726489,415.2283871,420.0143548,26.85819677,25.46641613,412.4143871,26.52453226,599.9885806,85.15562581,0.099988158,28.0719,28.12551935,999.9,0,0,9997.356774,125.6073871,1211.969032,-4.786761613,426.6876452,430.9900968,1.391780645,420.0143548,25.46641613,2.287125161,2.168607742,19.58601935,18.73227097,400.0013226,0.642998581,0.357001419,28,6680.775484,1657726515,9:35:15,1657726515,1657726351,26,0.001,-0.009,2.814,0.286,420,25,0.4,0.05,0,0,0,0,0,0,0,0,0,0,0,3.23145,2.78128,0.0817757,0.0840141,0.109356,0.107932,23181,22837.6,24276.8,22214.7,31947.6,25297.8,39681.1,30781.1,2.1725,2.2365,0.0482276,0,27.3392,999.9,70.2,27.2,29.8567,63.8746,11.3942,2,0.137055,-0.0752315,20.3806,5.22927,11.9441,4.97775,3.281,6672.7,9999,9999,162,4.97166,1.86142,1.86691,1.85813,1.86258,1.86311,1.86394,1.85989,0,0,0,0,11111111,oooooooo,on,on,on,on,0,100,100,2.814,0.3333,2.664464909,0.000678439,-9.11E-07,3.42E-10,0.010423923,-0.010294497,0.000932414,-3.20E-06,1,2092,0,27,1,2.4,1.37817,2.40112,2.14966,2.72583,2.15088,2.39258,32.3549,16.0758,19,622.22,702.243,28.0014,28.9977,30.0013,28.6744,28.6239,27.6193,17.0474,100,28,420,25.3889,100.349,100.942
n2,north,2,26,1657726576,2317.1,y,7/13/2022,7/13/2022,9:36:16,15,n2,1657726568,0.004349816,4.349816345,8.941481862,416.5972581,345.4986226,29.45573862,35.51730497,0.24724946,3.2039963,0.237117534,0.149074175,35.59496667,27.25114216,28.02305806,3.799943718,60.04988498,2.291840513,3.816561036,1.508103205,-191.8269008,12.93497923,0.880534304,-142.4164206,0,0,1,0,44890.13513,199.9992581,170.1414133,0.850710223,0.177975494,1.9,0.5,0: Broadleaf,2,1657726568,416.5972581,420.0025806,26.88195161,25.54153226,413.8162581,26.54755161,599.9973871,85.15575161,0.099982261,28.09794194,28.02305806,999.9,0,0,10006.13,63.24293871,1219.529032,-3.372222258,428.1394839,431.0111935,1.340419032,420.0025806,25.54153226,2.289151935,2.175007097,19.60027097,18.77940323,199.9992581,0.642993516,0.357006516,28,3340.354516,1657726597,9:36:36,1657726597,1657726351,27,-0.033,-0.009,2.781,0.286,420,25,0.6,0.05,0,0,0,0,0,0,0,0,0,0,0,3.23109,2.78119,0.0819294,0.0839548,0.109393,0.108152,23166.5,22828.9,24266.7,22205.6,31934.3,25281.4,39665.5,30768.3,2.1685,2.23173,0.0399575,0,27.3664,999.9,70.1,27.2,29.8121,63.5646,11.4824,2,0.157769,0.0178459,20.3825,5.22912,11.9441,4.97775,3.281,6674.9,9999,9999,162,4.97165,1.86142,1.86691,1.85814,1.86261,1.86311,1.86393,1.85992,0,0,0,0,11111111,oooooooo,on,on,on,on,0,100,100,2.781,0.3346,2.665158204,0.000678439,-9.11E-07,3.42E-10,0.010423923,-0.010294497,0.000932414,-3.20E-06,1,2092,0,27,1,3.8,1.37817,2.40234,2.14966,2.72461,2.15088,2.39868,32.4212,16.0671,19,622.305,701.625,28.0012,29.2752,30.0013,28.9641,28.9158,27.6247,16.7404,100,28,420,25.4786,100.309,100.9
n2,north,2,27,1657726658,2398.6,y,7/13/2022,7/13/2022,9:37:37,15,n2,1657726650,0.004243581,4.243580702,4.821363802,417.922,373.4220981,31.83712927,35.63109095,0.242105256,3.202594352,0.232377562,0.146077402,17.79731238,27.18802089,27.9704129,3.788299164,59.88952932,2.286828849,3.818411791,1.501470315,-187.141909,23.45590402,1.597080835,-144.2916117,0,0,1,0,44863.47233,99.99979677,85.07076653,0.850709394,0.177973485,1.9,0.5,0: Broadleaf,2,1657726650,417.922,420.0103871,26.82253226,25.51476452,415.149,26.48999355,599.9948065,85.15772258,0.100031129,28.10626452,27.9704129,999.9,0,0,9999.98,31.52580323,1229.274839,-2.080600968,429.4486774,431.0074839,1.307773226,420.0103871,25.51476452,2.284146129,2.172780323,19.56502903,18.76300968,99.99979677,0.643020194,0.356979806,28,1670.205161,1657726678,9:37:58,1657726678,1657726351,28,-0.008,-0.009,2.773,0.286,420,25,0.58,0.05,0,0,0,0,0,0,0,0,0,0,0,3.23081,2.78144,0.0820653,0.0838942,0.109136,0.108012,23152.8,22821.7,24256.9,22197.9,31932.2,25276.7,39650.6,30757.2,2.16482,2.22687,0.0361428,0,27.3744,999.9,70,27.3,29.9409,63.8646,11.5304,2,0.177462,0.0804167,20.3837,5.22882,11.9441,4.9778,3.281,6676.9,9999,9999,162,4.97166,1.86142,1.86691,1.8582,1.86255,1.86315,1.86391,1.85995,0,0,0,0,11111111,oooooooo,on,on,on,on,0,100,100,2.773,0.3324,2.631808459,0.000678439,-9.11E-07,3.42E-10,0.010423923,-0.010294497,0.000932414,-3.20E-06,1,2092,0,27,1,5.1,1.37939,2.40356,2.14966,2.72583,2.15088,2.41333,32.4654,16.0671,19,622.434,700.658,28.0009,29.5359,30.0012,29.2368,29.1875,27.6305,17.1248,100,28,420,25.537,100.27,100.864
n2,north,2,28,1657726739,2480.1,y,7/13/2022,7/13/2022,9:38:59,15,n2,1657726731,0.003990404,3.990403965,2.069657311,418.8065806,391.9758668,33.41945786,35.70701683,0.227289154,3.203455747,0.218695123,0.137429517,8.898419714,27.24446234,27.99258387,3.793199347,59.89922042,2.293054244,3.828187125,1.500145103,-175.9768148,27.21491903,1.853138802,-138.0103373,0,0,1,0,44872.60377,49.99785806,42.5336982,0.850710407,0.177976019,1.9,0.5,0: Broadleaf,2,1657726731,418.8065806,419.9911935,26.89516774,25.66551935,416.0895806,26.56035484,599.9970968,85.15899032,0.099977616,28.15016452,27.99258387,999.9,0,0,10003.46742,15.50962581,1200.285806,-1.128667419,430.4393548,431.0545161,1.229649355,419.9911935,25.66551935,2.290366129,2.185649032,19.60879677,18.85751935,49.99785806,0.642986419,0.357013581,28,835.0524194,1657726759,9:39:18,1657726759,1657726351,29,-0.056,-0.009,2.717,0.286,420,25,0.47,0.05,0,0,0,0,0,0,0,0,0,0,0,3.23049,2.78101,0.0821654,0.083861,0.109253,0.108385,23140.8,22812.8,24247.9,22189.2,31917.2,25256.1,39636.5,30744.6,2.16135,2.22302,0.0349432,0,27.4323,999.9,69.9,27.4,30.0741,63.7946,11.6026,2,0.196618,0.160259,20.3837,5.22867,11.9441,4.9775,3.28093,6679.1,9999,9999,162,4.97165,1.86142,1.86691,1.85822,1.86261,1.86313,1.8639,1.8599,0,0,0,0,11111111,oooooooo,on,on,on,on,0,100,100,2.717,0.3345,2.623903678,0.000678439,-9.11E-07,3.42E-10,0.010423923,-0.010294497,0.000932414,-3.20E-06,1,2092,0,27,1,6.5,1.37939,2.40723,2.14966,2.72461,2.15088,2.38647,32.5761,16.0496,19,622.525,700.43,28.0008,29.7789,30.0012,29.4932,29.4471,27.6342,16.7756,100,28,420,25.6352,100.234,100.824
n2,north,2,29,1657726820,2560.6,y,7/13/2022,7/13/2022,9:40:19,15,n2,1657726812,0.00353579,3.535790196,-1.232107325,419.9166129,417.8619045,35.62842621,35.80361813,0.199630502,3.202290665,0.192965491,0.121183719,0,27.34174971,28.01860645,3.798957861,59.75399506,2.292443007,3.836468181,1.506514854,-155.9283476,29.11967539,1.984184343,-124.8244879,0,0,1,0,44846.01698,0,0,0,0,1.9,0.5,0: Broadleaf,2,1657726812,419.9166129,419.9966129,26.88652581,25.79695484,417.2116129,26.55198387,599.9955806,85.16361613,0.100022003,28.18727742,28.01860645,999.9,0,0,9998.006129,-0.530761581,1192.805806,-0.0677579,431.5313871,431.1182581,1.08957871,419.9966129,25.79695484,2.289754194,2.196962581,19.6045,18.94017097,0,0,0,28.0295871,3.428763548,1657726832,9:40:31,1657726832,1657726351,30,-0.012,-0.009,2.705,0.286,420,25,0.72,0.05,0,0,0,0,0,0,0,0,0,0,0,3.23037,2.78121,0.0822958,0.0838084,0.109183,0.108722,23128.8,22805.6,24239.6,22181.6,31909.8,25238.7,39623.6,30734.7,2.15815,2.21875,0.0332519,0,27.4947,999.9,69.7,27.5,30.1652,63.6546,11.5745,2,0.215302,0.237876,20.3849,5.22867,11.9441,4.9776,3.281,6681.3,9999,9999,162.1,4.97165,1.86142,1.86691,1.8582,1.86259,1.86317,1.86393,1.85993,0,0,0,0,11111111,oooooooo,on,on,on,on,0,100,100,2.705,0.3343,2.568091896,0.000678439,-9.11E-07,3.42E-10,0.010423923,-0.010294497,0.000932414,-3.20E-06,1,2092,0,27,1,7.8,1.37939,2.40234,2.14966,2.72583,2.15088,2.39014,32.6426,16.0671,19,622.694,699.644,28.0008,30.0074,30.0012,29.7387,29.6947,27.6419,16.5974,100,28,420,25.8897,100.201,100.791
n3,north,3,30,1657728827,4567.6,y,7/13/2022,7/13/2022,10:13:46,15,n3,1657728819,0.004420041,4.420040659,13.47612657,414.3575806,277.2907056,23.64348052,35.33063024,0.179818286,3.203803546,0.174393683,0.1094698,391.5358302,31.08001436,31.41557742,4.619385922,59.77922686,2.549146002,4.264267264,2.07023992,-194.9237931,-241.8100536,-16.90142127,-62.0994378,0,0,1,0,44588.64187,2199.948387,1871.518099,0.850710003,0.177975007,2.2,0.5,0: Broadleaf,2,1657728819,414.3575806,419.9703226,29.89638065,28.32416452,412.1215806,29.49738387,600.0049355,85.16603548,0.10000499,30.01559355,31.41557742,999.9,0,0,10000.8,687.3064516,986.8755484,-5.580271935,427.1605161,432.2123226,1.572211935,419.9703226,28.32416452,2.546155806,2.412257097,21.32458387,20.44630645,2199.948387,0.642999903,0.357000097,32.3602129,36743.3,1657728845,10:14:04,1657728845,1657728750,32,-0.033,-0.048,2.236,0.327,420,28,0.4,0.08,0,0,0,0,0,0,0,0,0,0,0,3.22654,2.78106,0.0808598,0.0831142,0.116486,0.114965,23030.9,22689.2,24111.6,22061.7,31497.4,24928.1,39426.3,30564.7,2.11203,2.14488,0.078544,0,30.1583,999.9,65.4,31.8,36.2559,63.6577,12.5721,2,0.48548,1.72194,20.3477,5.22717,11.9456,4.97685,3.281,6737.9,9999,9999,162.6,4.97173,1.86157,1.86707,1.85845,1.86265,1.86326,1.86401,1.86013,0,0,0,0,11111111,oooooooo,on,on,on,on,0,100,100,2.236,0.3989,2.119614159,0.000678439,-9.11E-07,3.42E-10,-0.026500557,-0.010294497,0.000932414,-3.20E-06,1,2092,0,27,1.3,1.3,1.38306,2.42188,2.14966,2.71484,2.15088,2.38403,37.4338,15.8394,19,622.38,673.961,28.0022,33.31,30.0016,33.1516,33.1349,27.7156,24.052,95.5254,28,420,28.3542,99.6904,100.239
n3,north,3,31,1657728906,4646.6,n,7/13/2022,7/13/2022,10:15:05,15,n3,1657728898,0.003941966,3.941966209,12.94002461,414.598129,268.5137526,22.89294,35.34779876,0.160188671,3.203082885,0.155867501,0.097795719,355.9438847,31.18530538,31.45510645,4.629775737,59.50916017,2.564533069,4.309476157,2.065242668,-173.8407098,-216.8511988,-15.17702923,-49.92505317,0,0,1,0,44548.44982,1999.966129,1701.391151,0.850709983,0.177974956,2.2,0.5,0: Broadleaf,2,1657728898,414.598129,419.941871,30.07968387,28.67782258,412.354129,29.67422903,600.0211935,85.1578871,0.100092329,30.19934194,31.45510645,999.9,0,0,9998.715806,618.5984194,1016.330581,-5.352322903,427.4469677,432.3403226,1.401856452,419.941871,28.67782258,2.561522258,2.442143548,21.42278065,20.64590323,1999.966129,0.643000581,0.356999419,33,33403.24839,1657728928,10:15:28,1657728928,1657728750,33,0.008,-0.048,2.244,0.327,420,28,0.58,0.08,0,0,0,0,0,0,0,0,0,0,0,3.22647,2.78161,0.0808278,0.0830577,0.117132,0.116211,23016,22677.2,24096.4,22049.6,31456.4,24879.3,39402.6,30547.4,2.10788,2.13888,0.0703037,0,30.3425,999.9,64.7,32,36.2771,63.7677,12.6242,2,0.516672,2.05507,20.3454,5.22867,11.9463,4.9775,3.281,6739.8,9999,9999,162.6,4.97172,1.86157,1.86707,1.85846,1.86264,1.86325,1.86401,1.86017,0,0,0,0,11111111,oooooooo,on,on,on,on,0,100,100,2.244,0.4087,2.086612532,0.000678439,-9.11E-07,3.42E-10,-0.026500557,-0.010294497,0.000932414,-3.20E-06,1,2092,0,27,1,2.6,1.38428,2.42065,2.14966,2.71362,2.15088,2.42798,37.6263,15.8394,19,621.741,671.484,28.0038,33.627,30.0022,33.4101,33.3905,27.7421,22.7555,94.7824,28,420,28.7912,99.6295,100.183
n3,north,3,32,1657728989,4730.1,y,7/13/2022,7/13/2022,10:16:29,15,n3,1657728981,0.003911377,3.911377134,13.44274504,414.423129,270.0440278,23.02398368,35.33376182,0.167880817,3.204042047,0.163142671,0.102378734,266.9615044,30.76245445,31.14765161,4.549497949,59.94428979,2.590967301,4.322292098,1.958530648,-172.4917316,-154.862564,-10.82161667,-71.2144078,0,0,1,0,44558.18372,1499.995161,1276.060754,0.850709914,0.17797491,2.2,0.5,0: Broadleaf,2,1657728981,414.423129,419.9464194,30.38897419,28.99840323,412.282129,29.97255484,600.0076129,85.16011613,0.099994477,30.25112581,31.14765161,999.9,0,0,10002.50161,456.6107742,1306.135161,-5.421185484,427.516871,432.4879032,1.390572581,419.9464194,28.99840323,2.58792871,2.469508065,21.5903129,20.8269,1499.995161,0.643001,0.356998935,34,25052.79032,1657729012,10:16:52,1657729012,1657728750,34,-0.102,-0.048,2.141,0.327,420,28,0.57,0.08,0,0,0,0,0,0,0,0,0,0,0,3.22577,2.78125,0.0807553,0.0830004,0.117779,0.116806,23001.1,22663.7,24080.2,22036.1,31414,24848,39377.2,30528.8,2.10325,2.13298,0.04787,0,30.3694,999.9,63.9,32.2,36.238,63.8877,12.6322,2,0.549713,2.03092,20.3509,5.22433,11.9484,4.9769,3.281,6742,9999,9999,162.7,4.9717,1.86157,1.86707,1.85849,1.86264,1.86327,1.86401,1.86014,0,0,0,0,11111111,oooooooo,on,on,on,on,0,100,100,2.141,0.4186,2.094292346,0.000678439,-9.11E-07,3.42E-10,-0.026500557,-0.010294497,0.000932414,-3.20E-06,1,2092,0,27,1,4,1.38672,2.42065,2.14966,2.7124,2.15088,2.42188,37.7711,15.8219,19,621.171,669.472,27.9985,33.9784,30.0017,33.7142,33.6808,27.7757,21.8208,94.0396,28,420,29.0188,99.5641,100.121
n3,north,3,33,1657729073,4814.1,y,7/13/2022,7/13/2022,10:17:53,15,n3,1657729065,0.003716048,3.716047938,13.51046801,414.4465161,266.2530549,22.70057457,35.33545952,0.163386453,3.203586366,0.158894329,0.099702268,213.569479,30.56234253,30.97883871,4.505937897,59.89286856,2.5950185,4.332767093,1.910919397,-163.8777141,-118.3916748,-8.269070255,-76.96898011,0,0,1,0,44543.74923,1199.996452,1020.849176,0.850710163,0.177975092,2.2,0.5,0: Broadleaf,2,1657729065,414.4465161,419.9650645,30.43674516,29.11566452,412.3455161,30.10998387,599.9993871,85.15935484,0.100040877,30.29335161,30.97883871,999.9,0,0,10000.66806,364.7080323,1043.001839,-5.478534839,427.4980323,432.5591935,1.321086774,419.9650645,29.11566452,2.591974839,2.479470968,21.61585484,20.89237097,1199.996452,0.642999258,0.357000903,34,20042.1871,1657729093,10:18:12,1657729093,1657728750,35,-0.041,-0.048,2.101,0.327,420,28,0.33,0.08,0,0,0,0,0,0,0,0,0,0,0,3.22555,2.78122,0.0807148,0.0829436,0.117932,0.116932,22988.7,22653.1,24067.4,22025.4,31393.2,24832.6,39357,30513.7,2.09925,2.1269,0.0407696,0,30.3206,999.9,63.4,32.3,36.1558,64.0077,12.7524,2,0.578895,2.1597,20.3524,5.22613,11.9472,4.97595,3.281,6744.2,9999,9999,162.7,4.97172,1.86157,1.86708,1.85851,1.86267,1.86329,1.86402,1.86018,0,0,0,0,11111111,oooooooo,on,on,on,on,0,100,100,2.101,0.3268,1.992151835,0.000678439,-9.11E-07,3.42E-10,0.32677,0,0,0,1,2092,0,27,1,5.4,1.38794,2.42554,2.14966,2.7124,2.15088,2.42432,37.8921,15.8132,19,620.918,667.227,28.0033,34.2903,30.0018,34.0034,33.9659,27.7953,21.5625,93.6678,28,420,29.0886,99.5122,100.072
n3,north,3,34,1657729154,4894.6,y,7/13/2022,7/13/2022,10:19:13,15,n3,1657729146,0.003658756,3.658755728,13.12414908,414.5826452,271.0441714,23.10813746,35.34565123,0.164173015,3.20402139,0.159638779,0.100171189,160.1773367,30.36044393,30.85804194,4.474991216,59.80438089,2.602112179,4.351039406,1.872879037,-161.3511276,-84.85533177,-5.92452885,-91.95365155,0,0,1,0,44540.7327,899.9992903,765.6383815,0.850709984,0.177974959,2.2,0.5,0: Broadleaf,2,1657729146,414.5826452,419.9509677,30.52116774,29.22058065,412.5296452,30.19439677,600.0051613,85.15595484,0.100028852,30.36679677,30.85804194,999.9,0,0,10002.90323,274.6475161,1048.126129,-5.320759677,427.6836129,432.5914194,1.300595806,419.9509677,29.22058065,2.599058387,2.488305484,21.6604871,20.95020968,899.9992903,0.643000548,0.356999452,34,15031.70323,1657729176,10:19:35,1657729176,1657728750,36,-0.048,-0.048,2.053,0.327,420,28,0.35,0.08,0,0,0,0,0,0,0,0,0,0,0,3.22516,2.78119,0.0806831,0.0828869,0.11809,0.11714,22979.7,22646.2,24058.2,22018.2,31377.5,24819.1,39343.2,30503.7,2.09567,2.12235,0.0262074,0,30.4365,999.9,62.9,32.4,36.0774,63.9277,12.7804,2,0.601631,2.42603,20.3512,5.22358,11.9477,4.9755,3.281,6746.3,9999,9999,162.7,4.97174,1.86159,1.86708,1.85852,1.86265,1.86329,1.86401,1.86016,0,0,0,0,11111111,oooooooo,on,on,on,on,0,100,100,2.053,0.3268,1.951698741,0.000678439,-9.11E-07,3.42E-10,0.32677,0,0,0,1,2092,0,27,1,6.7,1.38916,2.42432,2.14966,2.71118,2.15088,2.43042,37.9891,15.7957,19,620.794,666.059,28.0007,34.5926,30.0013,34.2736,34.2268,27.8246,21.1317,93.2951,28,420,29.2626,99.4762,100.04
n3,north,3,35,1657729237,4977.6,y,7/13/2022,7/13/2022,10:20:36,15,n3,1657729229,0.003638708,3.638708237,11.81381628,415.0909032,288.5174381,24.59875721,35.39030575,0.169682,3.202752214,0.164841327,0.103449242,106.7852355,30.0487062,30.63535161,4.418425639,60.17283917,2.614031566,4.344205129,1.804394074,-160.4670332,-51.10825212,-3.565338761,-108.3553887,0,0,1,0,44521.95305,600.0005806,510.4265619,0.850710113,0.17797522,2.2,0.5,0: Broadleaf,2,1657729229,415.0909032,419.9763871,30.65982903,29.36655806,412.9979032,30.33306452,600.0073871,85.15911935,0.100050316,30.33935806,30.63535161,999.9,0,0,9997.175806,184.7110968,1322.508065,-4.925793548,428.1783871,432.6827097,1.293277097,419.9763871,29.36655806,2.610964194,2.500830323,21.73525806,21.03190645,600.0005806,0.642997161,0.357002871,34,10021.12903,1657729259,10:20:59,1657729259,1657728750,37,0.04,-0.048,2.093,0.327,420,28,0.47,0.08,0,0,0,0,0,0,0,0,0,0,0,3.22481,2.78114,0.0807124,0.0828411,0.118383,0.117487,22967.8,22636.7,24047.4,22008.7,31354.2,24798.6,39326.2,30490.1,2.09285,2.11815,0.0149757,0,30.3836,999.9,62.5,32.5,36.0519,63.9077,12.8686,2,0.623379,2.30659,20.3559,5.22388,11.9495,4.9755,3.281,6748.5,9999,9999,162.7,4.97174,1.86161,1.86712,1.85852,1.86268,1.86332,1.86401,1.8602,0,0,0,0,11111111,oooooooo,on,on,on,on,0,100,100,2.093,0.3267,1.903894689,0.000678439,-9.11E-07,3.42E-10,0.32677,0,0,0,1,2092,0,27,1,8.1,1.38916,2.42554,2.14966,2.70996,2.15088,2.42188,38.0863,15.7957,19,621.034,665.039,27.9976,34.8288,30.0011,34.5231,34.4743,27.8421,20.7949,92.9247,28,420,29.3632,99.4327,99.9953
n3,north,3,36,1657729320,5061.1,y,7/13/2022,7/13/2022,10:22:00,15,n3,1657729312,0.003539814,3.539813521,10.55593508,415.5730645,299.6363444,25.54687862,35.43159846,0.167189863,3.20412395,0.162490167,0.1019676,71.18986085,29.87830647,30.50632258,4.385936832,59.9635342,2.604719392,4.343839013,1.78121744,-156.1057763,-29.0956685,-2.027551636,-116.0391356,0,0,1,0,44546.90483,399.9989355,340.2831045,0.850710025,0.177975126,2.2,0.5,0: Broadleaf,2,1657729312,415.5730645,419.9830323,30.55044839,29.29214839,413.5510645,30.22367419,599.9900968,85.15962581,0.099986719,30.3378871,30.50632258,999.9,0,0,10002.90484,123.883129,1397.390323,-4.33892129,428.7423548,432.6564839,1.258298065,419.9830323,29.29214839,2.601663871,2.49450871,21.67687742,20.99071613,399.9989355,0.642998226,0.357001742,35,6680.735161,1657729348,10:22:28,1657729348,1657728750,38,-0.071,-0.048,2.022,0.327,420,28,0.64,0.08,0,0,0,0,0,0,0,0,0,0,0,3.22461,2.78145,0.0807484,0.0827869,0.118045,0.117235,22958.7,22631.6,24039.6,22003,31357.5,24799.9,39314.6,30482.6,2.09032,2.1139,0.00920147,0,30.3552,999.9,62.2,32.6,36.0794,63.8478,12.9888,2,0.639205,2.48071,20.3553,5.22627,11.9493,4.97555,3.281,6750.6,9999,9999,162.8,4.97176,1.86157,1.86712,1.85852,1.86268,1.86329,1.86401,1.8602,0,0,0,0,11111111,oooooooo,on,on,on,on,0,100,100,2.022,0.3267,1.944074503,0.000678439,-9.11E-07,3.42E-10,0.32677,0,0,0,1,2092,0,27,1,9.5,1.39038,2.42676,2.14966,2.70996,2.15088,2.41089,38.1593,15.7781,19,621.143,663.563,28.0034,35.0371,30.0007,34.7362,34.6855,27.8552,20.8988,92.5532,28,420,29.3112,99.4022,99.9702
n3,north,3,37,1657729409,5150.1,y,7/13/2022,7/13/2022,10:23:29,15,n3,1657729401,0.003494205,3.494205022,6.933007717,416.9137419,336.2864124,28.67349711,35.54819502,0.167763854,3.20425691,0.163032515,0.102309299,35.59461149,29.73363591,30.41472903,4.363000578,59.96408806,2.610278221,4.353069154,1.752722357,-154.0944415,-6.873694607,-0.47884908,-125.8523737,0,0,1,0,44543.97896,199.9980645,170.1403308,0.850709887,0.17797478,2.2,0.5,0: Broadleaf,2,1657729401,416.9137419,419.9900968,30.61367419,29.37164839,414.8697419,30.28367419,599.9807742,85.16515806,0.099949435,30.37493871,30.41472903,999.9,0,0,10002.81613,62.28744194,1304.859677,-3.098680645,430.0556452,432.6993871,1.238793871,419.9900968,29.37164839,2.606943548,2.50144129,21.71003871,21.03588387,199.9980645,0.643002839,0.356997129,35,3340.353226,1657729431,10:23:51,1657729425,1657729431,39,0.022,0.003,2.044,0.33,420,29,0.27,0.07,0,0,0,0,0,0,0,0,0,0,0,3.22449,2.78142,0.0809103,0.0827571,0.118138,0.117401,22949.4,22627,24034.8,21998.4,31348.9,24790.1,39307.3,30475.9,2.08785,2.11015,-0.00196695,0,30.4397,999.9,61.8,32.7,36.0485,63.9178,13.0208,2,0.652203,2.59193,20.3556,5.22807,11.9493,4.9758,3.281,6752.7,9999,9999,162.8,4.97176,1.86159,1.86709,1.85852,1.86267,1.86329,1.86401,1.8602,0,0,0,0,11111111,oooooooo,on,on,on,on,0,100,100,2.044,0.33,1.872791955,0.000678439,-9.11E-07,3.42E-10,0.32677,0,0,0,1,2092,0,27,1,11,1.3916,2.4231,2.14966,2.70874,2.15088,2.4353,38.2568,15.7694,19,621.248,662.541,28.0011,35.2341,30.0009,34.9458,34.8984,27.8758,20.807,92.1827,28,420,29.368,99.3833,99.9488
n3,north,3,38,1657729492,5233.1,y,7/13/2022,7/13/2022,10:24:52,15,n3,1657729484,0.003276888,3.276888268,3.819230123,418.0804194,364.9657604,31.1206978,35.64979457,0.157278488,3.204263777,0.153112192,0.096060252,17.79797003,29.73493917,30.41242903,4.362425975,59.84940787,2.612118151,4.364484536,1.750307823,-144.5107726,1.423222834,0.099168476,-125.1904113,0,0,1,0,44537.49581,100.0022548,85.07295325,0.85071035,0.177975687,2.2,0.5,0: Broadleaf,2,1657729484,418.0804194,419.9830968,30.63342903,29.46873548,416.0844194,30.30332258,600.0130323,85.17012903,0.100055658,30.42066774,30.41242903,999.9,0,0,10002.26129,31.00959677,1383.270645,-1.854563871,431.3419355,432.7352258,1.164695161,419.9830968,29.46873548,2.609052903,2.509857097,21.72327419,21.09055806,100.0022548,0.642991129,0.357008968,35,1670.219355,1657729515,10:25:14,1657729515,1657729431,40,-0.048,0.003,1.996,0.33,420,29,0.52,0.07,0,0,0,0,0,0,0,0,0,0,0,3.22427,2.78124,0.0810664,0.0827292,0.118138,0.117615,22939.4,22623.3,24029,21994.7,31342.2,24780,39298.3,30470.5,2.0847,2.10755,-0.00840798,0,30.5537,999.9,61.5,32.8,36.0717,64.2578,12.9207,2,0.663133,2.76801,20.3533,5.22792,11.9499,4.97575,3.281,6754.8,9999,9999,162.8,4.97173,1.86159,1.8671,1.85852,1.86268,1.8633,1.86402,1.8602,0,0,0,0,11111111,oooooooo,on,on,on,on,0,100,100,1.996,0.3301,1.894934759,0.000678439,-9.11E-07,3.42E-10,0.33011,0,0,0,1,2092,0,27,1.1,1,1.3916,2.42432,2.14966,2.70874,2.15088,2.42676,38.3301,15.7519,19,620.411,661.996,28.0006,35.4028,30.0004,35.1132,35.0616,27.8887,20.568,91.8115,28,420,29.4592,99.36,99.9314
n3,north,3,39,1657729576,5316.6,y,7/13/2022,7/13/2022,10:26:15,15,n3,1657729568,0.003112468,3.112468151,1.487849666,419.0038387,389.2532706,33.19184761,35.72869547,0.150967868,3.204419881,0.147124983,0.092290235,8.899188969,29.71840134,30.34107742,4.344633101,59.92611561,2.614320807,4.362573447,1.730312294,-137.2598454,12.42845026,0.865619318,-115.0665869,0,0,1,0,44541.44025,50.00256774,42.53767719,0.850709856,0.17797464,2.2,0.5,0: Broadleaf,2,1657729568,419.0038387,420.0275484,30.65912258,29.55289355,417.0028387,30.32900645,600.0108065,85.17053548,0.100032861,30.41301935,30.34107742,999.9,0,0,10002.87226,15.25397419,465.9047419,-1.029025161,432.2509355,432.8185484,1.106233548,420.0275484,29.55289355,2.611254194,2.517036129,21.73706452,21.13705806,50.00256774,0.643004806,0.356995194,35,835.1397742,1657729597,10:26:36,1657729597,1657729431,41,0.005,0.003,2.001,0.33,420,29,0.45,0.07,0,0,0,0,0,0,0,0,0,0,0,3.22415,2.78125,0.0811755,0.0827093,0.118009,0.117675,22937.3,22622.4,24030,21993.5,31348.6,24777.3,39300.3,30469.2,2.08308,2.10628,-0.0152327,0,30.5813,999.9,61.3,32.9,36.1595,64.0577,12.9888,2,0.666245,2.79874,20.3537,5.22717,11.9498,4.9759,3.281,6757,9999,9999,162.8,4.97172,1.86161,1.86712,1.85852,1.86269,1.86331,1.86402,1.8602,0,0,0,0,11111111,oooooooo,on,on,on,on,0,100,100,2.001,0.3301,1.846450226,0.000678439,-9.11E-07,3.42E-10,0.33011,0,0,0,1,2092,0,27,1,2.4,1.39282,2.42676,2.14966,2.70874,2.15088,2.4353,38.4034,15.7519,19,620.149,662.007,27.996,35.4877,30.0004,35.2175,35.1677,27.8994,20.3241,91.8115,28,420,29.6399,99.3647,99.9266
n3,north,3,40,1657729658,5398.6,y,7/13/2022,7/13/2022,10:27:37,15,n3,1657729650,0.002497999,2.497999102,-1.463187355,420.1520645,425.6828792,36.2983809,35.82676311,0.119754487,3.203594237,0.117321998,0.073540683,0,29.80206041,30.35219355,4.347400953,59.78218317,2.605850888,4.358908875,1.741550065,-110.1617604,7.970945329,0.555295382,-101.6355197,0,0,1,0,44528.72802,0,0,0,0,2.2,0.5,0: Broadleaf,2,1657729650,420.1520645,420.0003871,30.55965806,29.67167742,418.1400645,30.23265806,599.9741613,85.17113226,0.099811613,30.39834516,30.35219355,999.9,0,0,9999.318387,-0.503679065,214.6111613,0.140792268,433.3866452,432.8436774,0.891085226,420.0003871,29.67167742,2.603065806,2.527170968,21.68567419,21.20255161,0,0,0,35,8,1657729675,10:27:54,1657729673,1657729675,42,0.011,-0.003,2.012,0.327,420,30,0.24,0.18,0,0,0,0,0,0,0,0,0,0,0,3.22416,2.78153,0.0813355,0.082704,0.117811,0.118136,22929.3,22618.7,24026,21989.9,31350.9,24760.3,39294.2,30464.1,2.08238,2.10422,-0.00866503,0,30.5065,999.9,61.1,33,36.2402,64.0778,13.0769,2,0.672746,2.682,20.357,5.22777,11.9501,4.97565,3.281,6759.1,9999,9999,162.8,4.97176,1.86163,1.86708,1.85852,1.8627,1.8633,1.86401,1.86019,0,0,0,0,11111111,oooooooo,on,on,on,on,0,100,100,2.012,0.327,1.851784399,0.000678439,-9.11E-07,3.42E-10,0.33011,0,0,0,1,2092,0,27,1,3.8,1.39282,2.43042,2.14966,2.70752,2.15088,2.41821,38.4769,15.7256,19,620.412,661.143,28.0018,35.5386,30.0006,35.3015,35.2569,27.9019,19.9915,91.44,28,420,29.8029,99.3489,99.9101
n4,north,4,41,1657730462,6202.5,n,7/13/2022,7/13/2022,10:41:01,15,n4,1657730454,0.00296498,2.964980375,12.10644677,415.7952903,252.7588875,21.55236651,35.45423299,0.131034734,3.202037571,0.12812702,0.08033526,391.5441517,31.26233907,30.69418387,4.43330874,60.15483103,2.540809305,4.223782632,1.892499435,-130.7556345,-145.7990352,-10.15165286,104.837829,0,0,1,0,44595.39269,2199.994516,1871.557331,0.850709998,0.177975058,1.9,0.5,0: Broadleaf,2,1657730454,415.7952903,420.0194194,29.79775484,28.88681613,413.7372903,29.46575484,599.9962581,85.16846774,0.100013681,29.8496,30.69418387,999.9,0,0,9996.368387,686.5029032,317.0879677,-4.270444839,428.5156774,432.5133226,0.905926903,420.0194194,28.88681613,2.537401935,2.460245806,21.26841613,20.76586774,2199.994516,0.642999129,0.357000839,34,36744.07742,1657730494,10:41:33,1657730494,1657730480,43,0.046,0.005,2.058,0.332,420,29,0.67,0.13,0,0,0,0,0,0,0,0,0,0,0,3.22609,2.78131,0.0809096,0.0829292,0.116171,0.116277,23017.2,22672,24100.7,22042.1,31498.5,24867.6,39411.7,30534.9,2.10893,2.11997,0.0746474,0,29.4677,999.9,60.1,33.8,37.2825,63.9578,13.3534,2,0.517685,1.2964,20.3545,5.22912,11.9444,4.97725,3.281,6781.4,9999,9999,163.1,4.97178,1.86171,1.86721,1.8586,1.86277,1.86339,1.86405,1.86021,0,0,0,0,11111111,oooooooo,on,on,on,on,0,100,100,2.058,0.332,1.862838795,0.000678439,-9.11E-07,3.42E-10,0.326985,0,0,0,1,2092,0,27,13.1,13.1,1.38916,2.42676,2.14966,2.70508,2.15088,2.40601,39.118,15.6205,19,629.213,662.308,27.9989,33.8535,29.9984,34.0779,34.0773,27.8371,24.9572,87.857,28,420,28.9514,99.6504,100.144
n4,north,4,42,1657730555,6295.5,n,7/13/2022,7/13/2022,10:42:34,15,n4,1657730547,0.003086563,3.086562934,12.60015817,415.6025161,255.6281871,21.79728236,35.43821007,0.139197131,3.203164962,0.135921884,0.085239027,355.951602,30.9579721,30.50365806,4.385268121,60.12150632,2.527426145,4.203863641,1.857841976,-136.1174254,-127.1403482,-8.837440519,83.85638789,0,0,1,0,44627.8853,2000.009355,1701.427933,0.850709987,0.177974969,1.9,0.5,0: Broadleaf,2,1657730547,415.6025161,419.9987419,29.64045484,28.69202258,413.5315161,29.30645484,600.0053226,85.16947097,0.100008139,29.76741935,30.50365806,999.9,0,0,10001.00903,617.2607097,333.428871,-4.409393548,428.2830645,432.4053226,0.946588226,419.9987419,28.69202258,2.524305161,2.443684516,21.18406774,20.65619355,2000.009355,0.643000419,0.356999581,34,33403.95806,1657730583,10:43:02,1657730583,1657730572,44,0.012,0.001,2.071,0.334,420,29,0.42,0.14,0,0,0,0,0,0,0,0,0,0,0,3.22648,2.78145,0.0809406,0.0829933,0.115885,0.115927,23030.7,22680.9,24114.2,22051.3,31524.4,24886.9,39432.6,30547.1,2.11325,2.12332,0.0693202,0,29.3746,999.9,59.9,33.9,37.3671,63.7778,13.3293,2,0.487983,1.20673,20.3583,5.22927,11.9442,4.97745,3.281,6783.8,9999,9999,163.1,4.97177,1.8617,1.86722,1.85862,1.86276,1.86338,1.86407,1.86022,0,0,0,0,11111111,oooooooo,on,on,on,on,0,100,100,2.071,0.334,1.90893357,0.000678439,-9.11E-07,3.42E-10,0.33215,0,0,0,1,2092,0,27,1,1.2,1.38916,2.43286,2.14966,2.70508,2.15088,2.40601,39.2173,15.5943,19,629.176,661.569,27.9991,33.5037,29.9988,33.7348,33.7411,27.828,25.8079,86.3557,28,420,28.75,99.7044,100.185
n4,north,4,43,1657730644,6384.5,y,7/13/2022,7/13/2022,10:44:03,15,n4,1657730636,0.003300639,3.300638676,13.75188854,415.4204194,266.2734008,22.7050269,35.42273381,0.156716027,3.203042876,0.152577523,0.095723677,266.9651597,30.27475343,30.1105129,4.287569052,60.38325774,2.516566714,4.167656414,1.771002338,-145.5581656,-85.19260698,-5.90599289,30.30839423,0,0,1,0,44647.83907,1500.014516,1276.07738,0.85071002,0.177975051,1.9,0.5,0: Broadleaf,2,1657730636,415.4204194,420.0193226,29.51305806,28.49871613,413.3324194,29.17940323,600.0078065,85.16955484,0.100047139,29.61716452,30.1105129,999.9,0,0,10000.48387,454.4685161,344.9993226,-4.616857742,428.0350323,432.3404516,1.014334903,420.0193226,28.49871613,2.513613226,2.427221935,21.11491935,20.54655161,1500.014516,0.642999323,0.357000677,34,25053.04839,1657730661,10:44:20,1657730661,1657730572,45,0.017,0.001,2.088,0.334,420,29,0.29,0.14,0,0,0,0,0,0,0,0,0,0,0,3.22661,2.7811,0.0809759,0.0830552,0.115536,0.115255,23040.1,22687.1,24124,22057.9,31548.2,24913.2,39447.6,30556.6,2.11655,2.1263,0.0550672,0,29.1982,999.9,59.7,34,37.4526,63.9378,13.4896,2,0.465541,1.12118,20.3655,5.22927,11.9441,4.97655,3.281,6785.9,9999,9999,163.1,4.97176,1.86169,1.86722,1.85858,1.86274,1.86336,1.86404,1.86021,0,0,0,0,11111111,oooooooo,on,on,on,on,0,100,100,2.088,0.3336,1.921233245,0.000678439,-9.11E-07,3.42E-10,0.333642857,0,0,0,1,2092,0,27,1,1.2,1.38794,2.43042,2.14966,2.70386,2.15088,2.41943,39.2671,15.5943,19,628.825,660.979,27.9984,33.2231,29.999,33.4425,33.4501,27.8145,26.8988,84.8538,28,420,28.3459,99.7434,100.216
n4,north,4,44,1657730722,6462.5,y,7/13/2022,7/13/2022,10:45:21,15,n4,1657730714,0.003398971,3.398970832,13.75566405,415.2115484,267.5949349,22.8186529,35.40638094,0.165644375,3.202196886,0.16102718,0.101046104,213.5709201,29.82694055,29.84778065,4.223340767,60.31698882,2.494289145,4.135301171,1.729051622,-149.8946137,-63.15946581,-4.371070044,-3.854229405,0,0,1,0,44652.58005,1200.004516,1020.856039,0.850710165,0.177975097,1.9,0.5,0: Broadleaf,2,1657730714,415.2115484,420.0144516,29.25059355,28.20572903,413.1485484,28.91695484,599.9957742,85.17315484,0.099957342,29.48192903,29.84778065,999.9,0,0,9996.490645,363.0985161,349.3942903,-4.77873129,427.7477419,432.2052258,1.044860323,420.0144516,28.20572903,2.491365484,2.402370645,20.97019355,20.37977097,1200.004516,0.642999194,0.357000968,33.17608065,20042.34516,1657730743,10:45:42,1657730743,1657730572,46,-0.025,0.001,2.063,0.334,420,29,0.32,0.14,0,0,0,0,0,0,0,0,0,0,0,3.22699,2.78136,0.0809953,0.0831133,0.11492,0.114599,23048.8,22692.9,24132.8,22064.3,31580.6,24938.1,39461.3,30565,2.1198,2.12808,0.0508465,0,29.0127,999.9,59.4,34,37.2624,63.6078,13.5377,2,0.446895,1.04243,20.3698,5.22897,11.9441,4.9774,3.281,6787.7,9999,9999,163.1,4.97177,1.86171,1.86722,1.85859,1.86278,1.86338,1.8641,1.86022,0,0,0,0,11111111,oooooooo,on,on,on,on,0,100,100,2.063,0.3337,1.938385971,0.000678439,-9.11E-07,3.42E-10,0.333642857,0,0,0,1,2092,0,27,1,2.5,1.38794,2.43286,2.14966,2.70386,2.15088,2.39746,39.3169,15.5855,19,628.964,659.847,27.9988,32.9989,29.9989,33.2043,33.2071,27.8045,27.6493,83.3484,28,420,28.0668,99.7786,100.244
n4,north,4,45,1657730804,6544.5,y,7/13/2022,7/13/2022,10:46:43,15,n4,1657730796,0.003530778,3.530777903,13.39955524,415.2984194,279.6544395,23.84714909,35.41400358,0.177054157,3.203197743,0.171791454,0.107829462,160.1783178,29.34872347,29.56705484,4.155641976,60.30235359,2.47113791,4.097912872,1.684504066,-155.7073055,-41.88643128,-2.891634991,-40.30705396,0,0,1,0,44693.94639,900.0050968,765.6433002,0.85070996,0.177974901,1.9,0.5,0: Broadleaf,2,1657730796,415.2984194,420.0057742,28.97892258,27.89328387,413.2514194,28.64529355,600.0222258,85.17350645,0.100123126,29.32450323,29.56705484,999.9,0,0,10000.67355,273.8481935,352.7630968,-4.691885806,427.7084194,432.0574516,1.085634194,420.0057742,27.89328387,2.468237097,2.375770323,20.81854516,20.19955806,900.0050968,0.643001323,0.356998677,33,15031.8,1657730823,10:47:02,1657730823,1657730572,47,-0.016,0.001,2.047,0.334,420,29,0.51,0.14,0,0,0,0,0,0,0,0,0,0,0,3.22721,2.7813,0.0810593,0.0831582,0.114185,0.113794,23056.7,22698.4,24141.9,22070,31617.9,24966.8,39475.8,30572.7,2.12258,2.1299,0.0449643,0,28.8251,999.9,59.2,34.1,37.3472,63.6878,13.5577,2,0.429154,0.939466,20.3735,5.22583,11.9441,4.977,3.281,6789.9,9999,9999,163.2,4.9718,1.86172,1.86722,1.85862,1.86279,1.86338,1.86409,1.86024,0,0,0,0,11111111,oooooooo,on,on,on,on,0,100,100,2.047,0.3337,1.913694204,0.000678439,-9.11E-07,3.42E-10,0.333642857,0,0,0,1,2092,0,27,1,3.9,1.38794,2.43286,2.14966,2.70386,2.15088,2.41333,39.3667,15.5855,19,628.715,658.81,27.9987,32.7738,29.9992,32.9656,32.9696,27.7982,28.2183,81.4674,28,420,27.8211,99.8156,100.27
n4,north,4,46,1657730884,6624.5,y,7/13/2022,7/13/2022,10:48:03,15,n4,1657730876,0.003359165,3.359164633,12.55637677,415.5864839,284.6615684,24.27396548,35.43833479,0.172101725,3.203407125,0.167125174,0.10488837,106.7854629,28.96393536,29.31783226,4.096335061,60.21421815,2.44814359,4.065723453,1.648191471,-148.1391603,-22.4289869,-1.545326184,-65.32801054,0,0,1,0,44717.91998,600.0022581,510.4279604,0.850710066,0.177975102,1.9,0.5,0: Broadleaf,2,1657730876,415.5864839,420.0046774,28.70945806,27.67627742,413.5524839,28.3758129,600.0090323,85.173,0.10006869,29.18796129,29.31783226,999.9,0,0,10001.61677,184.2321613,350.3892903,-4.405506452,427.8836129,431.9597742,1.033172903,420.0046774,27.67627742,2.44527129,2.357272581,20.66673871,20.07320323,600.0022581,0.642998742,0.35700129,33,10021.16452,1657730908,10:48:28,1657730908,1657730572,48,-0.014,0.001,2.034,0.334,420,29,0.63,0.14,0,0,0,0,0,0,0,0,0,0,0,3.22754,2.78127,0.0811533,0.0831985,0.113497,0.11325,23063.3,22704.7,24150.5,22076.6,31652.4,24989.1,39488.7,30581.6,2.12547,2.1316,0.0405312,0,28.6551,999.9,58.9,34.2,37.3633,63.6378,13.6018,2,0.412548,0.845877,20.3772,5.22897,11.9441,4.9772,3.281,6792.1,9999,9999,163.2,4.97178,1.86171,1.86722,1.85859,1.86278,1.86338,1.86406,1.86022,0,0,0,0,11111111,oooooooo,on,on,on,on,0,100,100,2.034,0.3337,1.89782979,0.000678439,-9.11E-07,3.42E-10,0.333642857,0,0,0,1,2092,0,27,1,5.2,1.38672,2.43042,2.14966,2.70386,2.15088,2.41943,39.3917,15.5855,19,628.78,657.87,27.9991,32.5708,29.9992,32.7493,32.7514,27.7878,28.6723,79.5759,28,420,27.6943,99.8494,100.299
n4,north,4,47,1657730969,6710,y,7/13/2022,7/13/2022,10:49:29,15,n4,1657730961,0.003378174,3.37817414,10.77323816,416.1599677,304.9738839,26.00612697,35.48733034,0.177085703,3.204023203,0.171822467,0.107848893,71.19004494,28.64088499,29.11423871,4.048435363,60.34347257,2.435631874,4.036280596,1.612803489,-148.9774796,-8.981678334,-0.617695609,-87.38680856,0,0,1,0,44747.69475,400.0012258,340.2849735,0.850709827,0.177974567,1.9,0.5,0: Broadleaf,2,1657730961,416.1599677,420.0167419,28.56265806,27.52344194,414.0909677,28.20276774,599.9907419,85.17335806,0.099933681,29.06224194,29.11423871,999.9,0,0,10004.17516,123.7380968,349.4013871,-3.892590968,428.3592903,431.9041613,1.039226452,420.0167419,27.52344194,2.432777742,2.344263226,20.58362581,19.98382903,400.0012258,0.643005774,0.356994226,32.7137129,6680.799032,1657730991,10:49:50,1657730991,1657730572,49,0.035,0.001,2.069,0.334,420,29,0.36,0.14,0,0,0,0,0,0,0,0,0,0,0,3.22778,2.78143,0.0812661,0.0832376,0.113096,0.112866,23067.9,22709.3,24157.6,22081.3,31675,25004.7,39499.6,30587.8,2.12803,2.13307,0.0360012,0,28.5137,999.9,58.5,34.3,37.3172,63.5279,13.6979,2,0.396961,0.769395,20.38,5.22837,11.9441,4.97745,3.281,6794.2,9999,9999,163.2,4.97177,1.86169,1.86722,1.85859,1.86278,1.86339,1.86406,1.86022,0,0,0,0,11111111,oooooooo,on,on,on,on,0,100,100,2.069,0.3595,1.884212614,0.000678439,-9.11E-07,3.42E-10,-0.0196277,-0.010294497,0.000932414,-3.20E-06,1,2092,0,27,1,6.6,1.38672,2.4292,2.14966,2.70386,2.15088,2.4231,39.4166,15.568,19,628.631,656.823,27.9992,32.3758,29.9991,32.5399,32.5422,27.7762,29.0573,77.3064,28,420,27.3896,99.8775,100.32
n4,north,4,48,1657731052,6792.5,y,7/13/2022,7/13/2022,10:50:51,15,n4,1657731044,0.003352546,3.352545945,7.348951891,417.2579032,338.0954116,28.83106019,35.58163557,0.178738514,3.202724627,0.17337607,0.108828437,35.59508714,28.32755614,28.92036774,4.003277794,60.30630192,2.416398082,4.006874913,1.586879711,-147.8472762,2.678539935,0.183992636,-109.3896565,0,0,1,0,44742.93252,200.0004516,170.1423819,0.850709988,0.177975034,1.9,0.5,0: Broadleaf,2,1657731044,417.2579032,420.0280968,28.33656129,27.3049871,415.1849032,27.9842,599.9896129,85.17494839,0.099974623,28.93588065,28.92036774,999.9,0,0,9998.507419,62.31722258,349.8035161,-2.774683871,429.4217742,431.8189677,1.031566774,420.0280968,27.3049871,2.413564839,2.325701613,20.45507742,19.85552903,200.0004516,0.642999452,0.357000516,32,3340.386129,1657731076,10:51:15,1657731076,1657730572,50,0.005,0.001,2.073,0.334,420,29,0.53,0.14,0,0,0,0,0,0,0,0,0,0,0,3.22777,2.78117,0.0814696,0.0832808,0.112524,0.112305,23070.2,22712.8,24164.7,22085.3,31703.9,25024.5,39510.6,30593,2.12985,2.13427,0.03241,0,28.3831,999.9,58.1,34.4,37.2693,63.6679,13.8261,2,0.383834,0.710215,20.382,5.22403,11.9441,4.9764,3.28043,6796.3,9999,9999,163.2,4.97176,1.86172,1.86722,1.85863,1.86278,1.8634,1.86408,1.86022,0,0,0,0,11111111,oooooooo,on,on,on,on,0,100,100,2.073,0.3517,1.919541529,0.000678439,-9.11E-07,3.42E-10,-0.0196277,-0.010294497,0.000932414,-3.20E-06,1,2092,0,27,1,8,1.3855,2.42554,2.14966,2.70264,2.15088,2.41699,39.4916,15.568,19,628.208,655.838,27.9987,32.2087,29.9995,32.3595,32.3605,27.7695,29.3048,75.4035,28,420,27.2524,99.9061,100.337
n4,north,4,49,1657731137,6877.5,y,7/13/2022,7/13/2022,10:52:16,15,n4,1657731129,0.003252632,3.252631986,4.16504753,418.2537097,367.2200912,31.31402,35.66581825,0.175059666,3.202586729,0.169912057,0.10664492,17.79771557,28.1469889,28.7846,3.971916063,60.28574392,2.400522987,3.98190821,1.571393076,-143.4410706,7.486110448,0.513631149,-117.6436134,0,0,1,0,44756.39331,99.99932581,85.07056068,0.850711342,0.177978356,1.9,0.5,0: Broadleaf,2,1657731129,418.2537097,420.0034516,28.15097742,27.14996774,416.1907097,27.80477742,599.9969677,85.17314516,0.100021406,28.82795806,28.7846,999.9,0,0,9998.137097,31.06349355,349.5829032,-1.739422581,430.3795161,431.7247097,1.001024,420.0034516,27.14996774,2.397707742,2.312447419,20.34829355,19.76337419,99.99932581,0.642955258,0.357044742,32,1670.135806,1657731154,10:52:33,1657731154,1657730572,51,-0.01,0.001,2.063,0.334,420,29,0.66,0.14,0,0,0,0,0,0,0,0,0,0,0,3.22794,2.78132,0.0816452,0.0833064,0.112101,0.111886,23071,22715.9,24169.6,22088.5,31725,25039.5,39518.3,30597.2,2.13185,2.13508,0.0310093,0,28.2718,999.9,57.7,34.5,37.2176,63.8379,13.8421,2,0.37284,0.656563,20.3839,5.22837,11.9441,4.97715,3.281,6798.4,9999,9999,163.3,4.97178,1.86172,1.86722,1.85862,1.86279,1.8634,1.8641,1.8603,0,0,0,0,11111111,oooooooo,on,on,on,on,0,100,100,2.063,0.346,1.92413588,0.000678439,-9.11E-07,3.42E-10,-0.0196277,-0.010294497,0.000932414,-3.20E-06,1,2092,0,27,1,9.4,1.3855,2.43164,2.14966,2.70264,2.15088,2.40234,39.5666,15.5592,19,628.109,654.714,28,32.0625,29.9995,32.1982,32.198,27.7607,29.2747,73.1064,28,420,27.2094,99.9259,100.351
n4,north,4,50,1657731215,6955.5,y,7/13/2022,7/13/2022,10:53:34,15,n4,1657731207,0.002876656,2.876656193,2.021385624,418.9863871,385.1632726,32.84295415,35.72705832,0.153761375,3.204285607,0.149776816,0.093959906,8.898702328,28.06699241,28.70877742,3.954494807,60.13291844,2.377578612,3.953871978,1.576916195,-126.8605381,-0.469209785,-0.032144377,-118.46319,0,0,1,0,44805.21134,50.00025484,42.53567833,0.850709231,0.177973139,1.9,0.5,0: Broadleaf,2,1657731207,418.9863871,420.0081613,27.88287419,26.99733548,416.9183871,27.57487419,600.001871,85.17023226,0.099980384,28.70606129,28.70877742,999.9,0,0,10005.65,15.27691935,352.9568065,-1.026593065,431.0124194,431.6617742,0.915937581,420.0081613,26.99733548,2.377379032,2.29936871,20.21050645,19.67195806,50.00025484,0.64302471,0.356975258,31.89649677,835.1101935,1657731234,10:53:54,1657731234,1657731232,52,0.005,-0.003,2.068,0.308,420,27,0.78,0.13,0,0,0,0,0,0,0,0,0,0,0,3.2282,2.78146,0.0817858,0.0833389,0.111619,0.11165,23071.6,22718.3,24173.5,22091.2,31746.6,25049,39524.1,30600.8,2.13335,2.1356,0.0325218,0,28.1698,999.9,57.3,34.6,37.1691,63.5379,13.8261,2,0.363877,0.621138,20.3847,5.22642,11.9441,4.97665,3.281,6800.3,9999,9999,163.3,4.97179,1.86171,1.86722,1.85863,1.86279,1.86336,1.86407,1.86022,0,0,0,0,11111111,oooooooo,on,on,on,on,0,100,100,2.068,0.308,1.913887146,0.000678439,-9.11E-07,3.42E-10,-0.0196277,-0.010294497,0.000932414,-3.20E-06,1,2092,0,27,1,10.7,1.3855,2.43042,2.14966,2.70142,2.15088,2.43164,39.6418,15.5505,19,627.917,653.667,27.9992,31.9473,29.9996,32.0661,32.064,27.7514,29.3917,70.8279,28,420,27.0175,99.941,100.363
n4,north,4,51,1657731295,7036,y,7/13/2022,7/13/2022,10:54:55,15,n4,1657731287,0.00292042,2.92041993,-0.818497154,419.8625161,415.7036274,35.44644008,35.80106244,0.158126566,3.202861693,0.153914075,0.096565425,0,27.9357562,28.57058387,3.922914338,60.05710801,2.364650286,3.937336252,1.558264052,-128.7905189,10.91792643,0.74750947,-117.125083,0,0,1,0,44790.08722,0,0,0,0,1.9,0.5,0: Broadleaf,2,1657731287,419.8625161,419.9916129,27.73180323,26.83265806,417.8665161,27.42880323,600.0054194,85.16852258,0.100014287,28.6338129,28.57058387,999.9,0,0,9999.840323,-0.527148226,350.7086129,-0.056861145,431.9248387,431.5719355,0.926750839,419.9916129,26.83265806,2.364227742,2.285297097,20.12081935,19.57311613,0,0,0,31,3,1657731312,10:55:12,1657731311,1657731312,53,-0.073,0,1.996,0.303,420,27,0.31,0.14,0,0,0,0,0,0,0,0,0,0,0,3.2283,2.78133,0.081949,0.0833453,0.111241,0.111258,23071.7,22720.6,24177.5,22093.3,31765.2,25062.1,39530.6,30603.5,2.13458,2.136,0.0307523,0,28.0673,999.9,56.9,34.7,37.1143,63.8079,13.9062,2,0.356519,0.588298,20.3862,5.22702,11.9441,4.977,3.281,6802.5,9999,9999,163.3,4.97176,1.86171,1.86722,1.85862,1.86278,1.86338,1.86407,1.86023,0,0,0,0,11111111,oooooooo,on,on,on,on,0,100,100,1.996,0.303,1.919074078,0.000678439,-9.11E-07,3.42E-10,-0.02249088,-0.010294497,0.000932414,-3.20E-06,1,2092,0,27,1,1.1,1.38428,2.43286,2.14966,2.70142,2.15088,2.42798,39.6669,15.5417,19,627.614,652.639,27.9997,31.8421,29.9997,31.9443,31.9416,27.747,29.6023,68.5697,28,420,26.8546,99.9576,100.373
control,control,22,52,1657733503,9244.1,n,7/13/2022,7/13/2022,11:31:43,15,control,1657733495,0.00046364,0.463639847,2.388117481,419.1521613,112.6718131,9.606982748,35.73908567,0.013136527,3.20250398,0.013106664,0.008194342,391.5266201,36.19727653,36.31448387,6.072764424,59.63820063,3.220942616,5.400804487,2.851821808,-20.44651727,-366.2791641,-26.77712745,-21.97618873,0,0,1,0,43973.09153,2199.896129,1871.473734,0.850710045,0.177975048,1.8,0.5,0: Broadleaf,2,1657733495,419.1521613,419.9269032,37.77559032,37.64175161,417.9601613,37.48959032,599.9953548,85.16515806,0.100024774,34.1930129,36.31448387,999.9,0,0,9998.725484,728.3786452,1940.99,-0.690377581,435.6996452,436.351871,0.144011677,419.9269032,37.64175161,3.21803129,3.205765484,25.20124516,25.13712581,2199.896129,0.642999452,0.357000581,45,36742.4,1657733520,11:32:00,1657733520,1657733519,55,-0.084,-0.01,1.192,0.286,420,38,0.46,0.23,0,0,0,0,0,0,0,0,0,0,0,3.2185,2.78138,0.0804342,0.0818165,0.135148,0.137239,22721.9,22416.4,23803.8,21787.2,30485.4,24003,38948.1,30175.8,2.02405,1.98237,0.0535063,0,35.4927,999.9,48,41.5,45.2518,64.1681,15.4487,2,1.14837,6.50509,20.207,5.22463,11.9551,4.974,3.28,6861.9,9999,9999,163.9,4.97181,1.86203,1.86753,1.85913,1.86296,1.86362,1.86432,1.86066,0,0,0,0,11111111,oooooooo,on,on,on,on,0,100,100,1.192,0.286,1.126915086,0.000678439,-9.11E-07,3.42E-10,0.296175,0,0,0,1,2092,0,27,1.3,1.3,1.39893,2.45117,2.14966,2.69775,2.15088,2.46704,47.4216,15.0777,19,617.565,601.177,28.0009,40.5822,30.0021,39.9587,39.8635,28.0346,18.3044,33.8829,28,420,37.6421,98.4573,98.9748
control,control,22,53,1657733581,9322.1,y,7/13/2022,7/13/2022,11:33:01,15,control,1657733573,0.00050396,0.503960304,2.082773242,419.2853226,173.8691127,14.82526896,35.75113247,0.014584662,3.203257555,0.014547871,0.009095717,355.9441863,36.09771057,36.2195129,6.041200246,59.8021928,3.248329476,5.431789913,2.79287077,-22.22464941,-332.2215162,-24.28246966,-22.78444899,0,0,1,0,43971.83749,1999.967742,1701.392529,0.850709985,0.177974964,1.8,0.5,0: Broadleaf,2,1657733573,419.2853226,419.9735484,38.09604839,37.95061935,418.0643226,37.81604839,599.9974839,85.16683548,0.099999629,34.29575484,36.2195129,999.9,0,0,10001.70935,655.9794516,1992.467419,-0.716859774,435.864,436.5405806,0.151273161,419.9735484,37.95061935,3.245018065,3.232135161,25.34162903,25.27474194,1999.967742,0.643000484,0.356999516,46,33403.24839,1657733599,11:33:19,1657733599,1657733597,56,0.028,-0.006,1.221,0.28,420,38,0.43,0.36,0,0,0,0,0,0,0,0,0,0,0,3.21797,2.78123,0.0803782,0.0817425,0.135776,0.137925,22708.3,22405.7,23789.4,21776,30447.4,23972.3,38925.8,30160.3,2.01968,1.9765,0.0330396,0,35.6897,999.9,47.3,41.8,45.3018,64.0181,15.5529,2,1.18029,6.65774,20.2028,5.22328,11.956,4.9735,3.28,6864,9999,9999,163.9,4.97179,1.86203,1.86754,1.85913,1.86296,1.86362,1.86432,1.86066,0,0,0,0,11111111,oooooooo,on,on,on,on,0,100,100,1.221,0.28,1.043059974,0.000678439,-9.11E-07,3.42E-10,0.28585,0,0,0,1,2092,0,27,1,1,1.40015,2.45483,2.14966,2.69775,2.15088,2.43164,47.6924,15.0426,19,617.148,599.327,28.0052,40.9141,30.0023,40.3037,40.2065,28.0674,17.6669,33.8829,28,420,37.9284,98.3997,98.924
control,control,22,54,1657733660,9401.1,y,7/13/2022,7/13/2022,11:34:20,15,control,1657733652,0.000555175,0.55517545,1.918669137,419.346129,221.6957636,18.89989592,35.74988563,0.017015195,3.202630693,0.016965133,0.010607694,266.9645305,35.74695669,35.80650323,5.905585383,59.6521606,3.265838031,5.474802587,2.639747351,-24.48323734,-236.3662796,-17.256798,-11.14178444,0,0,1,0,43940.08304,1500.011613,1276.074827,0.850709965,0.177974976,1.8,0.5,0: Broadleaf,2,1657733652,419.346129,419.9915806,38.30827742,38.14810323,418.188129,38.04027742,599.992871,85.15148065,0.100017242,34.43753548,35.80650323,999.9,0,0,10000.86645,477.8757097,2044.586129,-0.582717355,436.1210323,436.6488387,0.172009419,419.9915806,38.14810323,3.263015806,3.248367742,25.43465484,25.35896774,1500.011613,0.643000226,0.356999742,46,25053.02903,1657733676,11:34:36,1657733675,1657733676,57,-0.062,-0.012,1.158,0.268,420,38,0.52,0.25,0,0,0,0,0,0,0,0,0,0,0,3.21736,2.78086,0.0803127,0.0816639,0.136063,0.138094,22693.2,22393,23773.2,21762.9,30419.3,23953.8,38900.7,30142.3,2.01588,1.96995,0.00216812,0,35.7781,999.9,46.8,42.1,45.5446,64.1881,15.7212,2,1.2187,7.07832,20.1898,5.22014,11.956,4.97255,3.2793,6865.8,9999,9999,164,4.97177,1.86205,1.86754,1.85913,1.86299,1.86369,1.86432,1.86066,0,0,0,0,11111111,oooooooo,on,on,on,on,0,100,100,1.158,0.268,1.071314273,0.000678439,-9.11E-07,3.42E-10,0.279855,0,0,0,1,2092,0,27,1,1.1,1.40137,2.44995,2.14966,2.69653,2.15088,2.43652,47.9955,14.9901,19,617.354,597.097,28.0036,41.292,30.0023,40.67,40.5728,28.0797,18.222,33.8829,28,420,38.2799,98.3349,98.8648
control,control,22,55,1657733737,9478.1,y,7/13/2022,7/13/2022,11:35:37,15,control,1657733729,0.000445736,0.445736359,1.891837621,419.3354839,189.2204428,16.13010717,35.74627665,0.014126627,3.202991564,0.014092105,0.00881066,213.5750041,35.57011246,35.59616774,5.837542319,59.72660985,3.285504485,5.500905699,2.552037834,-19.65697343,-185.2958815,-13.51844988,-4.896300731,0,0,1,0,43934.13775,1200.027742,1020.875597,0.850709997,0.177975056,1.8,0.5,0: Broadleaf,2,1657733729,419.3354839,419.9590968,38.54187742,38.4133129,418.2124839,38.28487742,600.0118387,85.14501613,0.1000395,34.52310645,35.59616774,999.9,0,0,10003.14935,377.8929355,2057.254516,-0.588099323,436.187,436.7354516,0.139394613,419.9590968,38.4133129,3.282571613,3.270701935,25.53524839,25.47427097,1200.027742,0.642999161,0.357000806,46,20042.73871,1657733753,11:35:53,1657733753,1657733753,58,-0.036,-0.011,1.123,0.257,420,38,0.52,0.21,0,0,0,0,0,0,0,0,0,0,0,3.21722,2.78117,0.0802525,0.0815969,0.136614,0.13871,22681.6,22383.3,23760.7,21752.9,30386.4,23926.1,38881.4,30128.2,2.01203,1.96497,-0.0152215,0,35.8594,999.9,46.2,42.5,45.9199,64.018,15.637,2,1.24868,7.35754,20.1812,5.22328,11.956,4.9733,3.28,6867.9,9999,9999,164,4.97182,1.86203,1.86758,1.85916,1.86305,1.8637,1.86432,1.86067,0,0,0,0,11111111,oooooooo,on,on,on,on,0,100,100,1.123,0.257,1.00905398,0.000678439,-9.11E-07,3.42E-10,0.26784,0,0,0,1,2092,0,27,1,1,1.40259,2.45239,2.14966,2.69653,2.15088,2.44873,48.2703,15.0164,19,617.108,595.746,28.0049,41.6287,30.0019,40.9918,40.8917,28.111,17.8198,34.3177,28,420,38.4468,98.2851,98.8189
control,control,22,56,1657733814,9555.1,n,7/13/2022,7/13/2022,11:36:54,15,control,1657733806,0.000380786,0.380785671,1.481104313,419.4689355,214.1056001,18.25254059,35.75980155,0.012502383,3.202035467,0.012475326,0.007799505,160.1841135,35.37021258,35.39375161,5.772705363,59.91498127,3.309209522,5.523175427,2.463495841,-16.7926481,-137.743331,-10.04584558,-4.397711172,0,0,1,0,43906.85971,900.0365484,765.6700903,0.850709998,0.177975121,1.8,0.5,0: Broadleaf,2,1657733806,419.4689355,419.9611935,38.81762581,38.70782258,418.3389355,38.57062581,599.9897097,85.15019355,0.099984774,34.59583226,35.39375161,999.9,0,0,9998.504839,281.9940323,2115.014516,-0.499462484,436.4061613,436.8715161,0.119397239,419.9611935,38.70782258,3.306144839,3.295977742,25.65581613,25.6039,900.0365484,0.642998194,0.357001742,46.07124194,15032.2871,1657733839,11:37:18,1657733839,1657733831,59,0.007,-0.01,1.13,0.247,420,39,0.87,0.36,0,0,0,0,0,0,0,0,0,0,0,3.21685,2.78151,0.0802172,0.081549,0.137205,0.139374,22669.2,22373.2,23748,21742.8,30351.8,23897,38861.8,30114.1,2.00785,1.96008,-0.0330098,0,35.9285,999.9,45.8,42.8,46.2414,64.1481,15.7853,2,1.27581,7.55407,20.1748,5.22283,11.956,4.9731,3.28,6869.8,9999,9999,164,4.97176,1.86203,1.86756,1.85915,1.86296,1.86368,1.86432,1.86066,0,0,0,0,11111111,oooooooo,on,on,on,on,0,100,100,1.13,0.247,0.973410663,0.000678439,-9.11E-07,3.42E-10,0.2566,0,0,0,1,2092,0,27,1,1,1.40503,2.45361,2.14966,2.69653,2.15088,2.46216,48.547,14.9989,19,616.434,594.267,28.0021,41.9372,30.0016,41.2962,41.1909,28.1446,17.7791,34.8526,28,420,38.6429,98.2341,98.7729
control,control,22,57,1657733900,9640.6,y,7/13/2022,7/13/2022,11:38:19,15,control,1657733892,0.000315591,0.315591336,1.36652693,419.5344194,202.839396,17.29285704,35.76696086,0.010832494,3.201236535,0.010812172,0.00675943,106.7899733,35.06660991,35.08243871,5.674208408,60.15905808,3.316991694,5.51370284,2.357216714,-13.91757792,-89.31444083,-6.504613968,-2.946659459,0,0,1,0,43897.14171,600.0286452,510.4503037,0.850709892,0.177974792,1.8,0.5,0: Broadleaf,2,1657733892,419.5344194,419.9840968,38.90719677,38.81620323,418.4184194,38.66719677,600.0014516,85.15389032,0.100046448,34.56492903,35.08243871,999.9,0,0,9994.698387,188.1845484,2096.99871,-0.436067581,436.5351935,436.9446129,0.097565668,419.9840968,38.81620323,3.313657742,3.305349677,25.69407742,25.65175484,600.0286452,0.643002677,0.35699729,46,10021.63226,1657733916,11:38:36,1657733916,1657733915,60,-0.014,-0.006,1.116,0.24,420,39,0.38,0.45,0,0,0,0,0,0,0,0,0,0,0,3.21657,2.78131,0.0801868,0.0814966,0.137321,0.139384,22660.3,22367.1,23738.8,21736.4,30338,23890.3,38847.9,30105.5,2.0061,1.95538,-0.0510141,0,35.9114,999.9,45.3,43.1,46.4578,64.228,15.7332,2,1.2956,7.6149,20.1743,5.22253,11.956,4.9731,3.28,6871.7,9999,9999,164,4.97176,1.86206,1.8676,1.85923,1.86307,1.8637,1.86432,1.86067,0,0,0,0,11111111,oooooooo,on,on,on,on,0,100,100,1.116,0.24,0.980179187,0.000678439,-9.11E-07,3.42E-10,0.24656,0,0,0,1,2092,0,27,1,1.1,1.40625,2.45483,2.14966,2.69531,2.15088,2.45728,48.888,14.9726,19,617.413,592.656,28.0012,42.2052,30.001,41.5697,41.4574,28.1693,18.057,34.8526,28,420,38.7515,98.1981,98.7443
control,control,22,58,1657733978,9718.5,n,7/13/2022,7/13/2022,11:39:37,15,control,1657733970,0.000278576,0.27857622,0.875849124,419.6735806,261.3200923,22.27904699,35.77959635,0.009822271,3.202947357,0.009805568,0.006129978,71.19301591,34.85096788,34.86891613,5.607498995,60.17701994,3.312084826,5.503903033,2.295414169,-12.28521132,-58.02068614,-4.218234809,-3.331116356,0,0,1,0,43932.18018,400.0165161,340.298081,0.850710076,0.177975191,1.8,0.5,0: Broadleaf,2,1657733970,419.6735806,419.9714194,38.84880323,38.76847419,418.5085806,38.61480323,599.9785484,85.15586452,0.099910455,34.53290968,34.86891613,999.9,0,0,10001.68839,125.649,2081.470323,-0.347304742,436.5876129,436.9096774,0.086510216,419.9714194,38.76847419,3.308729355,3.301363548,25.66898387,25.63140968,400.0165161,0.642997452,0.357002548,46,6681.022258,1657733995,11:39:54,1657733995,1657733993,61,0.049,-0.006,1.165,0.234,420,39,0.48,0.28,0,0,0,0,0,0,0,0,0,0,0,3.21616,2.78117,0.0801584,0.0814568,0.137149,0.13919,22653.6,22360.8,23731.8,21730,30336.3,23888.9,38837.1,30096.6,2.0036,1.95175,-0.0620335,0,35.8583,999.9,44.7,43.4,46.565,64.048,15.9375,2,1.31226,7.62371,20.1754,5.22043,11.956,4.972,3.2797,6873.8,9999,9999,164,4.97179,1.86209,1.86765,1.85924,1.86308,1.8637,1.86432,1.86068,0,0,0,0,11111111,oooooooo,on,on,on,on,0,100,100,1.165,0.234,0.9661749,0.000678439,-9.11E-07,3.42E-10,0.24018,0,0,0,1,2092,0,27,1,1,1.40747,2.45605,2.14966,2.69653,2.15088,2.4707,49.1692,14.9551,19,617.297,591.536,27.9985,42.4037,30.001,41.7874,41.6783,28.1911,18.6035,34.8526,28,420,38.7028,98.17,98.715
control,control,22,59,1657734056,9796.5,y,7/13/2022,7/13/2022,11:40:55,15,control,1657734048,0.000299678,0.299677738,0.81155169,419.6710968,283.8571179,24.20152586,35.78096254,0.010819989,3.20254188,0.010799721,0.006751643,35.59640075,34.6341996,34.6621871,5.543562604,60.03048504,3.300429602,5.497922596,2.243133002,-13.21578823,-25.69836954,-1.866505008,-5.184262027,0,0,1,0,43927.84039,200.0071935,170.1481628,0.850710216,0.177975602,1.8,0.5,0: Broadleaf,2,1657734048,419.6710968,419.9522903,38.7103871,38.62396452,418.5820968,38.4823871,600.0038065,85.15950645,0.100028497,34.51334516,34.6621871,999.9,0,0,9999.549032,62.93336774,2100.173548,-0.205553677,436.6523548,436.8241935,0.092251194,419.9522903,38.62396452,3.297052903,3.289198387,25.60941613,25.56922903,200.0071935,0.642991871,0.357008097,46,3340.482903,1657734073,11:41:12,1657734073,1657734071,62,-0.076,-0.005,1.089,0.228,420,39,0.31,0.31,0,0,0,0,0,0,0,0,0,0,0,3.21612,2.7812,0.0801322,0.0814202,0.136763,0.138897,22647,22355.5,23724.9,21724.5,30342.3,23891.2,38826.9,30088.9,2.00153,1.94772,-0.070475,0,35.8002,999.9,44,43.8,46.7977,64.108,15.9495,2,1.3266,7.7172,20.1749,5.22298,11.956,4.97285,3.28,6875.6,9999,9999,164.1,4.97179,1.86204,1.86765,1.85927,1.86302,1.8637,1.86432,1.86069,0,0,0,0,11111111,oooooooo,on,on,on,on,0,100,100,1.089,0.228,1.015304066,0.000678439,-9.11E-07,3.42E-10,0.23382,0,0,0,1,2092,0,27,1,1.1,1.40747,2.4585,2.14966,2.69531,2.15088,2.47925,49.3894,14.9463,19,617.257,589.79,28.0029,42.5755,30.001,41.9751,41.8663,28.2094,18.6035,34.8526,28,420,38.656,98.1433,98.6899
control,control,22,60,1657734134,9874.5,y,7/13/2022,7/13/2022,11:42:13,15,control,1657734126,9.72E-05,0.097218956,0.268963658,419.8689677,283.0870513,24.13679437,35.79920343,0.003547763,3.203667871,0.003545582,0.002216185,17.79826022,34.60347556,34.59022581,5.521455864,60.04848163,3.30457541,5.503178966,2.216880453,-4.287355978,-10.30836795,-0.748246719,2.454289574,0,0,1,0,43945.47912,100.0038419,85.07429644,0.850710281,0.177975764,1.8,0.5,0: Broadleaf,2,1657734126,419.8689677,419.9619032,38.75752903,38.72949355,418.7569677,38.53252903,599.996,85.1628129,0.099986171,34.53054194,34.59022581,999.9,0,0,10003.91387,31.29770323,2098.615806,-0.116078084,436.7756452,436.8821613,0.031536348,419.9619032,38.72949355,3.300998065,3.298312903,25.62956129,25.61583548,100.0038419,0.64298971,0.357010258,46,1670.244839,1657734149,11:42:28,1657734149,1657734147,63,0.023,-0.003,1.112,0.225,420,39,0.34,0.39,0,0,0,0,0,0,0,0,0,0,0,3.21586,2.78125,0.0801204,0.0813797,0.136933,0.139217,22637.8,22348.3,23715.6,21717.1,30326,23874.5,38812.6,30078.6,1.99795,1.9436,-0.0752136,0,35.818,999.9,43.3,44.1,46.7739,63.988,16.0136,2,1.34583,8.00328,20.1607,5.22283,11.956,4.97335,3.28,6877.4,9999,9999,164.1,4.97178,1.86211,1.86764,1.85926,1.86307,1.86369,1.86432,1.8607,0,0,0,0,11111111,oooooooo,on,on,on,on,0,100,100,1.112,0.225,0.939502141,0.000678439,-9.11E-07,3.42E-10,0.2285,0,0,0,1,2092,0,27,1,1.1,1.40991,2.45972,2.14966,2.69531,2.15088,2.45239,49.6426,14.9026,19,616.102,588.129,28.0057,42.7627,30.0019,42.1738,42.0747,28.2392,18.044,34.8526,28,420,38.6618,98.1063,98.6563
control,control,22,61,1657734210,9950.5,n,7/13/2022,7/13/2022,11:43:29,15,control,1657734202,5.21E-05,0.052140298,0.099609747,419.916871,320.7152729,27.34666738,35.80536373,0.00191855,3.202863151,0.001917912,0.001198752,8.899154531,34.54595781,34.53879355,5.505702707,60.16760585,3.307412791,5.496999164,2.198289917,-2.299387147,-4.916160529,-0.356811046,1.326795809,0,0,1,0,43934.16043,50.0017129,42.53699454,0.850710747,0.177976993,1.8,0.5,0: Broadleaf,2,1657734202,419.916871,419.9533226,38.78855806,38.77352258,418.882871,38.57255806,599.994871,85.16776452,0.099978232,34.51032258,34.53879355,999.9,0,0,9999.935484,15.35905161,2145.19,0.04168209,436.9474839,436.8931613,0.024195019,419.9533226,38.77352258,3.304314839,3.302253226,25.64648065,25.63595806,50.0017129,0.642973226,0.35702671,46,835.1115484,1657734224,11:43:43,1657734222,1657734224,64,-0.078,-0.009,1.034,0.216,420,39,0.29,0.4,0,0,0,0,0,0,0,0,0,0,0,3.21548,2.78125,0.0800997,0.0813446,0.136936,0.139121,22626.7,22338.9,23704.4,21707.9,30313.2,23867.6,38795,30066,1.99513,1.93852,-0.0812821,0,35.8541,999.9,42.8,44.4,46.9556,64.098,16.1418,2,1.37089,8.18346,20.1513,5.22208,11.956,4.9729,3.28,6879.5,9999,9999,164.1,4.97177,1.86208,1.86762,1.85927,1.86306,1.86371,1.86432,1.8607,0,0,0,0,11111111,oooooooo,on,on,on,on,0,100,100,1.034,0.216,0.962751424,0.000678439,-9.11E-07,3.42E-10,0.225155,0,0,0,1,2092,0,27,1,1.1,1.41113,2.4585,2.14966,2.69531,2.15088,2.46094,49.8656,14.8588,19,615.89,585.9,28.0026,43.0239,30.0013,42.4133,42.3102,28.26,18.3596,34.4625,28,420,38.6539,98.0611,98.6148
control,control,22,62,1657734285,10025.5,y,7/13/2022,7/13/2022,11:44:44,15,control,1657734277,0.000142117,0.142116546,-1.024763848,420.2702903,709.4352352,60.49445516,35.83698831,0.005230081,3.202507197,0.005225341,0.003266264,0,34.49424692,34.50979032,5.496836567,59.92360733,3.297254151,5.502429339,2.199582417,-6.267339675,3.159560294,0.229331309,-2.878448072,0,0,1,0,43925.36608,0,0,0,0,1.8,0.5,0: Broadleaf,2,1657734277,420.2702903,419.9807742,38.6678129,38.62682581,419.2042903,38.4598129,599.9892581,85.17131613,0.099970323,34.52809032,34.50979032,999.9,0,0,9998.016129,-0.490035968,2119.141935,0.257853935,437.145871,436.855129,0.049467148,419.9807742,38.62682581,3.29411,3.289897419,25.59437097,25.5728,0,0,0,46,8.125000323,1657734300,11:44:59,1657734300,1657734300,65,0.032,-0.008,1.066,0.208,420,39,0.69,0.3,0,0,0,0,0,0,0,0,0,0,0,3.21534,2.78121,0.0801127,0.0813081,0.136575,0.138762,22616.9,22331.9,23695.3,21700.9,30315.3,23869.8,38780.8,30055.9,1.993,1.93452,-0.0836626,0,35.8574,999.9,42.3,44.6,46.8924,64.188,16.0617,2,1.38957,8.28302,20.1466,5.22178,11.956,4.97305,3.28,6881.3,9999,9999,164.1,4.97176,1.8621,1.86766,1.85928,1.86304,1.86369,1.86432,1.86074,0,0,0,0,11111111,oooooooo,on,on,on,on,0,100,100,1.066,0.208,0.884996713,0.000678439,-9.11E-07,3.42E-10,0.21648,0,0,0,1,2092,0,27,1.1,1,1.41113,2.46216,2.14966,2.69409,2.15088,2.43408,50.0899,14.8763,19,615.927,584.248,28.0023,43.2363,30.0014,42.6171,42.5088,28.2795,18.3738,34.4625,28,420,38.6452,98.0244,98.5822
